A,B,na,nb,pa,pb,ny,nz,py,pz,u,v,sdu,sdv,B_Loss,B_Loss_sd,FER,FER_sd,nolossB,destroyedB,Bint,Bwin
16,15,3,3,0.605,0.768,2,2,0.829,0.873,0.486,0.45,0.105,0.188,1.51881551932617,1.4480753042239,NA,NA,0.26936,0,0.73064,0
10,16,3,3,0.579,0.874,1,2,0.661,0.708,0.294,0.34,0.122,0.153,0.0430927074948618,0.212561785936063,0.00277290306963441,0.00277290306963441,0.94006,0,0.05994,0.03784
12,10,3,2,0.736,0.954,1,2,0.83,0.781,0.31,0.268,0.168,0.135,2.92127743412478,0.978565018599758,1.33225550196397,1.33225550196397,8e-04,0,0.9992,0
16,10,4,2,0.685,0.717,1,1,0.618,0.902,0.448,0.423,0.124,0.136,9.99748530455695,0.0512783540029585,Inf,Inf,0,0.9954,0.0046,0
12,16,3,3,0.975,0.729,2,1,0.535,0.61,0.281,0.322,0.146,0.166,8.16840254552748,1.09315865597136,1.03364055088131,1.03364055088131,0,0,1,2e-05
10,16,3,2,0.726,0.589,2,1,0.614,0.536,0.491,0.381,0.132,0.139,5.03528785412806,1.30352016005883,NA,NA,0.00012,0,0.99988,8e-05
16,11,3,4,0.664,0.515,2,2,0.659,0.958,0.265,0.411,0.174,0.168,4.43669825413607,1.50042379886028,NA,NA,0.00166,2e-05,0.99832,0
16,11,2,3,0.987,0.679,2,2,0.695,0.533,0.301,0.328,0.139,0.172,6.50324859841059,1.10186594508727,Inf,Inf,0,6e-05,0.99994,0
11,11,2,2,0.522,0.625,1,1,0.572,0.992,0.46,0.49,0.173,0.17,0.604059914126037,0.791368719632982,NA,NA,0.49066,0,0.50934,0
12,16,2,4,0.841,0.55,2,1,0.724,0.935,0.476,0.355,0.156,0.107,1.8523564699369,0.760949936327496,0.179808998768515,0.179808998768515,0.0137,0,0.9863,0.06088
16,16,4,2,0.779,0.977,2,2,0.908,0.986,0.301,0.437,0.182,0.129,8.00591408184375,1.5814081041,Inf,Inf,0,0,1,0
12,16,2,2,0.748,0.882,1,2,0.806,0.887,0.488,0.436,0.112,0.134,1.5257269121972e-05,0.00267780616345821,1.57815597631659e-06,1.57815597631659e-06,0.99996,0,4e-05,0
11,10,2,4,0.735,0.869,2,1,0.985,0.785,0.447,0.463,0.119,0.162,3.85213827978201,1.226401777738,0.75138254110154,0.75138254110154,0.00064,0,0.99936,0
18,11,2,3,0.734,0.715,2,2,0.803,0.911,0.463,0.285,0.155,0.141,1.83117654524384,0.909927644602399,NA,NA,0.0252,0,0.9748,0
18,10,3,4,0.872,0.612,2,2,0.649,0.916,0.324,0.36,0.111,0.169,9.62269975359404,0.659118467866361,Inf,Inf,0,0.60452,0.39548,0
18,9,4,2,0.5,0.734,1,2,0.666,0.516,0.296,0.313,0.192,0.172,7.93601229859469,1.19596153957047,Inf,Inf,0,0.34836,0.65164,0
15,11,3,4,0.709,0.726,1,1,0.616,0.767,0.257,0.409,0.127,0.138,9.45873739760949,1.2907496422408,2.29236631655702,2.29236631655702,0,0.18336,0.81664,0
18,16,4,4,0.604,0.977,1,1,0.922,0.713,0.411,0.4,0.199,0.169,12.7571859374243,1.94118610889222,0.810076158769242,0.810076158769242,0,0.06256,0.93744,0.71766
18,10,4,4,0.535,0.984,2,2,0.568,0.568,0.377,0.252,0.177,0.102,6.83237182737209,1.30364468190252,1.79918649133166,1.79918649133166,0,0.00998,0.99002,0
11,10,2,4,0.969,0.815,2,2,0.633,0.888,0.268,0.306,0.168,0.165,1.08296576228215,0.580427623981847,0.252533279167942,0.252533279167942,0.02474,0,0.97526,0
16,16,2,4,0.725,0.95,1,2,0.756,0.96,0.487,0.282,0.136,0.138,0.000413597826038754,0.0151606672618398,2.58498641274222e-05,2.58498641274222e-05,0.99878,0,0.00122,0.00122
11,10,4,4,0.995,0.983,1,1,0.875,0.848,0.434,0.418,0.127,0.11,10,0,1.0005414508713,1.0005414508713,0,1,0,0.98264
10,16,2,3,0.672,0.538,1,1,0.59,0.634,0.293,0.475,0.174,0.17,1.65375283291028,1.25323368423703,0.188179479165035,0.188179479165035,0.1626,0,0.8374,0.00134
18,16,4,2,0.744,0.702,2,1,0.582,0.52,0.495,0.5,0.108,0.139,15.9986622146668,0.0414386993706356,Inf,Inf,0,0.99812,0.00188,0
10,11,4,2,0.659,0.866,2,2,0.836,0.534,0.398,0.347,0.107,0.163,5.06346903297168,1.45580170204761,NA,NA,0.00014,8e-05,0.99978,0
11,10,2,4,0.575,0.523,2,1,0.729,0.776,0.252,0.444,0.1,0.129,2.188068924322,1.19423737988901,NA,NA,0.04878,0,0.95122,0
11,16,4,3,0.836,0.721,2,1,0.941,0.675,0.419,0.47,0.139,0.176,12.2072999187789,1.6866455143734,Inf,Inf,0,0.01302,0.98698,2e-04
10,16,3,2,0.53,0.788,2,1,0.675,0.83,0.314,0.357,0.154,0.161,1.05544052792446,0.975877222811633,NA,NA,0.24936,0,0.75064,0
11,16,3,2,0.72,0.666,2,1,0.984,0.732,0.445,0.443,0.149,0.167,5.33910432777608,1.50414661522803,NA,NA,0.00016,0,0.99984,0
18,10,2,3,0.543,0.877,2,1,0.935,0.99,0.459,0.424,0.185,0.135,4.09362745874199,1.33533788784251,NA,NA,0.00098,2e-05,0.999,0
15,16,4,3,0.961,0.659,2,2,0.521,0.897,0.284,0.272,0.13,0.199,7.88265090440153,1.23955600205268,Inf,Inf,0,0,1,0
11,10,3,3,0.897,0.617,2,2,0.698,0.515,0.395,0.399,0.164,0.101,7.69118617711095,1.18189931411032,Inf,Inf,0,0.0285,0.9715,0
18,16,4,4,0.793,0.616,2,2,0.678,0.93,0.465,0.306,0.163,0.111,8.36325392350527,1.27545251227788,Inf,Inf,0,0,1,0
11,16,3,2,0.666,0.87,1,1,0.826,0.876,0.295,0.492,0.143,0.125,3.92367679273654,1.52102409747171,0.502932031593896,0.502932031593896,0.0068,0,0.9932,0
10,16,2,2,0.576,0.643,1,1,0.994,0.861,0.358,0.296,0.192,0.119,0.0818186381906796,0.245304761924187,NA,NA,0.85578,0,0.14422,0
18,10,3,4,0.853,0.902,1,2,0.536,0.978,0.277,0.449,0.131,0.146,9.93747969225167,0.266495384224165,2.49545861551478,2.49545861551478,0,0.9076,0.0924,0
11,14,2,3,0.769,0.58,2,2,0.858,0.946,0.497,0.289,0.156,0.115,1.96891780667705e-07,4.40263405783967e-05,NA,NA,0.99998,0,2e-05,0
10,10,4,4,0.825,0.597,1,1,0.638,0.972,0.479,0.444,0.143,0.186,9.58458576536368,0.711089353070081,1.21568314981665,1.21568314981665,0,0.5909,0.4091,0.17816
14,13,4,3,0.533,0.614,1,1,0.751,0.779,0.295,0.332,0.103,0.181,6.54379159555847,1.55100031491126,Inf,Inf,0,1e-04,0.9999,0
13,11,4,2,0.56,0.587,1,2,0.691,0.679,0.372,0.486,0.144,0.126,6.86509833449466,2.03701142624348,NA,NA,0.00052,0.02538,0.9741,0
10,15,4,2,0.92,0.641,1,2,0.735,0.619,0.432,0.478,0.106,0.121,8.70836306728385,1.59819302389827,Inf,Inf,0,2e-05,0.99998,6e-05
16,16,2,3,0.949,0.929,1,1,0.541,0.969,0.284,0.393,0.164,0.174,5.83615548500378,0.871964390157979,0.580615591819108,0.580615591819108,0,0,1,2e-05
9,9,3,4,0.802,0.676,1,1,0.574,0.605,0.364,0.364,0.197,0.144,5.89667265018705,1.08923184135895,0.88830047773344,0.88830047773344,0,0.00226,0.99774,0.08346
18,9,3,3,0.805,0.823,2,2,0.529,0.805,0.369,0.368,0.184,0.171,8.89257450684337,0.356849535967111,Inf,Inf,0,0.8593,0.1407,0
14,14,4,2,0.585,0.71,1,2,0.946,0.896,0.272,0.279,0.102,0.149,2.16118860976467,1.17790344312436,NA,NA,0.03654,0,0.96346,0
18,9,2,2,0.586,0.78,2,2,0.685,0.949,0.371,0.491,0.166,0.155,2.03748995346475,1.42241945126371,NA,NA,0.12646,0,0.87354,0
10,10,3,3,0.632,0.922,1,2,0.56,0.846,0.263,0.453,0.142,0.191,1.13884640505844,1.15514902950432,0.200725953988568,0.200725953988568,0.30996,0,0.69004,0
12,12,4,3,0.885,0.928,2,2,0.672,0.962,0.494,0.48,0.18,0.142,9.29080305709742,1.29677097758219,1.12930031346196,1.12930031346196,0,0.01814,0.98186,0.01522
15,15,4,3,0.545,0.535,1,2,0.789,0.695,0.279,0.37,0.119,0.189,4.38670250443697,1.8199415404365,Inf,Inf,0.00656,0,0.99344,0
15,10,3,3,0.916,0.8,1,2,0.505,0.501,0.456,0.337,0.132,0.124,9.73974674377171,0.519019718654815,2.03105841721027,2.03105841721027,0,0.66968,0.33032,0
11,11,2,2,0.921,0.752,2,2,0.951,0.504,0.339,0.356,0.181,0.152,3.26316475342166,1.04814105633485,NA,NA,0.00074,0,0.99926,0
9,18,4,4,0.809,0.886,2,1,0.838,0.878,0.415,0.38,0.105,0.19,5.05293576509135,1.24939130507968,0.280718653616186,0.280718653616186,2e-05,0,0.99998,0.99998
10,18,3,4,0.63,0.649,2,2,0.859,0.977,0.436,0.308,0.142,0.143,0,0,0,0,1,0,0,0
11,11,3,3,0.747,0.73,1,1,0.576,0.775,0.427,0.352,0.183,0.196,5.67866710602974,1.27924473773686,0.78243668563624,0.78243668563624,0,4e-05,0.99996,0.01278
14,9,3,4,0.705,0.861,2,1,0.788,0.957,0.497,0.258,0.153,0.183,5.42032449549156,1.14378431593009,Inf,Inf,0,0.00142,0.99858,0
9,11,2,4,0.845,0.757,1,1,0.715,0.994,0.335,0.477,0.118,0.172,2.04352486291463,0.817418922248565,0.197857594309314,0.197857594309314,0.01364,0,0.98636,0.4952
18,13,3,4,0.766,0.685,1,2,0.854,0.753,0.43,0.398,0.11,0.131,8.67268449253712,1.62440194988742,1.43491098359704,1.43491098359704,0,0.0041,0.9959,0
15,15,4,3,0.884,0.989,2,1,0.965,0.597,0.399,0.265,0.103,0.159,11.6829716082222,1.33139446790534,1.90337015294774,1.90337015294774,0,0.00788,0.99212,0
17,12,4,4,0.943,0.681,2,2,0.554,0.7,0.414,0.432,0.137,0.125,12,0,Inf,Inf,0,1,0,0
10,10,2,3,0.693,0.606,2,1,0.921,0.613,0.354,0.322,0.195,0.186,2.49046479331112,0.973148241651171,NA,NA,0.0031,0,0.9969,0
14,15,4,3,0.913,0.648,2,2,0.775,0.523,0.453,0.396,0.192,0.158,13.7386508427069,1.26447557263682,Inf,Inf,0,0.27616,0.72384,0
17,17,4,3,0.985,0.5,1,1,0.73,0.607,0.389,0.337,0.179,0.163,16.9552049064116,0.217778694782724,Inf,Inf,0,0.92886,0.07114,0
10,17,2,3,0.976,0.963,2,1,0.897,0.547,0.271,0.439,0.135,0.105,4.49088208259092,1.00923385359925,0.317029747041821,0.317029747041821,0,0,1,0.0472
11,17,3,3,0.973,0.661,2,2,0.656,0.88,0.35,0.474,0.197,0.189,1.09919733858295,0.937956409798401,0.113081054017867,0.113081054017867,0.21014,0,0.78986,0.00576
17,9,2,4,1,0.594,2,2,0.509,0.661,0.378,0.458,0.183,0.117,8.92685243697605,0.236279977474344,Inf,Inf,0,0.85326,0.14674,0
14,12,2,2,0.713,0.991,1,2,0.733,0.537,0.48,0.389,0.198,0.128,2.76108382387267,1.34528069733823,0.511079735995968,0.511079735995968,0.02776,0,0.97224,0
11,14,4,2,0.963,0.769,1,2,0.706,0.942,0.415,0.466,0.156,0.126,7.46081798505736,0.960466560141765,1.08598272497622,1.08598272497622,0,0,1,2e-05
9,14,2,2,0.811,0.939,2,2,0.939,0.523,0.255,0.478,0.159,0.135,0.574657576283514,0.867100737426813,NA,NA,0.56876,0,0.43124,0
13,13,3,3,0.959,0.923,2,2,0.99,0.548,0.329,0.33,0.185,0.131,7.63736924447082,1.12815209332227,2.429840397591,2.429840397591,0,0,1,0
13,13,2,3,0.508,0.691,1,2,0.977,0.977,0.482,0.382,0.17,0.146,0,0,0,0,1,0,0,0
10,16,2,4,0.772,0.724,1,1,0.86,0.706,0.316,0.379,0.129,0.13,1.59216093657741,0.974809577743392,0.100119817407025,0.100119817407025,0.08026,0,0.91974,0.83798
16,9,2,4,0.813,0.639,1,2,0.639,0.612,0.466,0.413,0.149,0.161,6.17525573095868,1.36648516887522,Inf,Inf,0,0.02376,0.97624,0
13,13,3,3,0.817,0.997,2,1,0.589,0.741,0.364,0.286,0.131,0.116,6.35620905381234,0.993560119615003,0.754694988434486,0.754694988434486,0,0,1,6e-05
13,14,4,2,0.796,0.765,1,1,0.663,0.676,0.303,0.392,0.128,0.115,12.3850182710035,1.28367251494873,3.20057691843204,3.20057691843204,0,0.1545,0.8455,0
12,12,2,4,0.857,0.557,2,2,0.815,0.768,0.257,0.406,0.15,0.199,1.0044088312725,0.962382910644452,NA,NA,0.2718,0,0.7282,0
12,18,2,4,0.737,0.848,1,2,0.567,0.718,0.36,0.341,0.155,0.173,0.00349507028695738,0.0547186091053056,0.000194170571497632,0.000194170571497632,0.99342,0,0.00658,0.00658
12,12,3,2,0.653,0.663,2,2,0.611,0.777,0.359,0.438,0.126,0.191,2.18767727470612,1.49624135613344,NA,NA,0.10836,0,0.89164,0
16,16,2,2,0.849,0.742,1,2,0.694,0.651,0.261,0.309,0.111,0.105,1.97066457031776,1.0509966473542,Inf,Inf,0.04212,0,0.95788,0
10,10,4,2,0.597,0.507,1,2,0.739,0.813,0.496,0.435,0.112,0.145,3.31350923000355,1.57864218629977,NA,NA,0.02226,2e-05,0.97772,0
10,10,2,2,0.932,0.931,1,1,0.792,0.524,0.482,0.396,0.146,0.143,5.30717591185412,0.93246320051649,1.06885687349974,1.06885687349974,0,0,1,0
10,12,2,4,0.846,0.836,1,2,0.883,0.899,0.446,0.316,0.165,0.199,0.00423779748976364,0.0507372448596994,0.000353162648440142,0.000353162648440142,0.98728,0,0.01272,0.01268
14,18,2,3,0.654,0.858,1,1,0.532,0.555,0.455,0.307,0.138,0.111,2.55273355123982,1.05967762762577,0.141916334392366,0.141916334392366,0.00904,0,0.99096,0.97638
17,13,2,4,0.524,0.546,2,2,0.657,0.839,0.328,0.344,0.107,0.12,0.0733508682153969,0.277658446975362,NA,NA,0.9029,0,0.0971,0
18,12,4,2,0.57,0.695,2,1,0.525,0.59,0.251,0.384,0.127,0.179,11.6099487120423,0.808697090067923,Inf,Inf,0,0.6905,0.3095,0
16,17,2,4,0.589,0.825,1,1,0.555,0.788,0.476,0.48,0.113,0.157,2.64420238098839,1.54887480699005,0.155544207222809,0.155544207222809,0.06404,0,0.93596,0.93546
15,11,4,4,0.856,0.797,1,1,0.52,0.618,0.282,0.392,0.183,0.114,11,0,2.02126679982452,2.02126679982452,0,1,0,0
12,12,4,4,0.581,0.604,2,2,0.96,0.812,0.386,0.254,0.155,0.169,2.13706193425247,1.09092644770098,NA,NA,0.02264,0,0.97736,0
14,18,2,3,0.977,0.708,2,1,0.9,0.637,0.355,0.383,0.197,0.157,6.08460903533549,1.04272855941259,Inf,Inf,0,0,1,0
10,17,2,4,0.997,0.791,2,2,0.973,0.937,0.327,0.288,0.162,0.11,0,0,0,0,1,0,0,0
14,9,2,3,0.756,0.568,1,2,0.904,0.744,0.267,0.25,0.127,0.191,1.93894105603387,0.900692145421335,NA,NA,0.00886,0,0.99114,0
12,12,2,4,0.98,0.959,2,1,0.654,0.923,0.495,0.382,0.123,0.168,4.75540547903386,0.739900598879852,0.39667337260032,0.39667337260032,0,0,1,0.98014
13,14,4,2,0.571,0.511,1,1,0.719,0.723,0.25,0.271,0.182,0.178,5.30319223387632,1.32733512565374,Inf,Inf,0,0,1,0
12,10,3,3,0.8,1,2,2,0.701,0.522,0.5,0.433,0.186,0.111,7.89072706310952,1.39540230970593,1.49969283005749,1.49969283005749,0,0.08602,0.91398,8e-05
14,14,3,2,0.782,0.704,1,2,0.773,0.819,0.348,0.358,0.187,0.132,3.55125857560831,1.2713828987828,Inf,Inf,0.00296,0,0.99704,0
17,11,2,3,0.887,0.543,1,2,0.916,0.579,0.421,0.423,0.137,0.137,7.37081472724756,1.36932831416342,Inf,Inf,0,0.00452,0.99548,0
11,15,4,4,0.623,0.624,2,2,0.662,0.646,0.438,0.465,0.129,0.198,3.75300710164543,1.96371493433698,0.295245902567741,0.295245902567741,0.03434,0,0.96566,0.29972
17,17,2,2,0.668,0.621,2,2,0.873,0.725,0.388,0.427,0.14,0.196,0.304530998040002,0.676413843826088,NA,NA,0.74446,0,0.25554,0
15,15,2,3,0.557,0.667,2,1,0.721,0.996,0.452,0.489,0.118,0.115,1.06553694588841,1.06206647807054,NA,NA,0.32126,0,0.67874,0
10,12,3,3,0.54,0.868,1,1,0.741,0.638,0.311,0.395,0.167,0.167,3.3731834928235,1.34466970038237,0.388402415134679,0.388402415134679,0.00552,0,0.99448,0.01158
9,14,3,4,0.708,0.978,2,2,0.776,0.891,0.481,0.383,0.193,0.171,0.00761188676457995,0.081150188785046,0.000543706197469996,0.000543706197469996,0.98732,0,0.01268,0.01268
9,18,3,4,0.582,0.898,2,2,0.89,0.582,0.437,0.386,0.187,0.16,0.0612236044834295,0.278002482990118,0.00340131136019053,0.00340131136019053,0.92962,0,0.07038,0.07038
9,17,2,2,0.646,0.52,2,1,0.652,0.954,0.343,0.31,0.111,0.167,0.00358004373766187,0.0444947797752782,NA,NA,0.98964,0,0.01036,0
18,9,2,2,0.527,0.623,2,2,0.79,0.715,0.448,0.495,0.144,0.107,3.04943077081563,1.71205636067302,NA,NA,0.05414,0.00048,0.94538,0
16,10,3,2,0.548,0.831,2,2,0.7,0.684,0.299,0.362,0.179,0.137,4.58799273874629,1.53446791284677,NA,NA,0.00096,0.00042,0.99862,0
15,15,3,2,0.52,0.81,2,1,0.827,0.587,0.426,0.447,0.103,0.114,6.50905032433789,1.78379738077517,NA,NA,8e-05,0,0.99992,0
9,16,3,2,0.854,0.705,1,1,0.607,0.774,0.269,0.28,0.121,0.156,2.99160261127857,0.86325893301759,0.383559845711953,0.383559845711953,4e-05,0,0.99996,0
16,16,4,2,0.864,0.955,2,1,0.72,0.938,0.294,0.375,0.146,0.157,14.8635264681143,1.14362059378195,Inf,Inf,0,0.2757,0.7243,0
13,13,4,2,0.954,0.934,2,2,0.648,0.722,0.306,0.297,0.141,0.147,9.16175680202958,1.14816992873141,Inf,Inf,0,0.00064,0.99936,0
12,17,4,3,0.944,0.619,1,1,0.802,0.566,0.409,0.339,0.119,0.189,12.100516960609,1.42495450304219,0.986487224740016,0.986487224740016,0,0.00044,0.99956,0.03332
12,12,4,3,0.566,0.627,2,2,0.699,0.79,0.362,0.254,0.195,0.119,2.09267275462301,1.04738842993409,NA,NA,0.0255,0,0.9745,0
16,15,2,3,0.641,0.803,1,2,0.621,0.953,0.375,0.295,0.179,0.141,0.000610284393644895,0.0182901489443473,6.78100115433415e-05,6.78100115433415e-05,0.99838,0,0.00162,0
10,13,2,3,0.914,0.86,2,1,0.717,0.645,0.342,0.253,0.19,0.179,2.50028990637821,0.780147694707514,0.306322269843194,0.306322269843194,0.00012,0,0.99988,0.00552
15,9,4,4,0.61,0.569,1,2,0.872,0.724,0.263,0.292,0.144,0.115,6.84564289921422,1.28356887282227,Inf,Inf,0,0.06086,0.93914,0
16,10,3,4,0.896,0.896,2,1,0.933,0.544,0.422,0.293,0.139,0.163,9.84875185988697,0.398243716973253,Inf,Inf,0,0.7872,0.2128,0
15,12,4,4,0.891,0.642,2,1,0.816,0.829,0.276,0.479,0.177,0.132,12,0,Inf,Inf,0,1,0,0
14,14,3,2,0.616,0.942,2,2,0.653,0.568,0.317,0.482,0.147,0.146,4.82253050443963,2.01112385894247,NA,NA,0.01028,0,0.98972,0
14,14,4,2,0.86,0.814,1,1,0.586,0.794,0.283,0.487,0.116,0.1,13.9965174356884,0.0631315289868996,3.5761704070598,3.5761704070598,0,0.99386,0.00614,0
9,9,4,3,0.97,0.608,1,1,0.986,0.509,0.328,0.375,0.146,0.144,8.99626021687966,0.0461496153231538,Inf,Inf,0,0.98862,0.01138,0
12,18,2,4,0.606,0.537,1,1,0.716,0.898,0.336,0.442,0.194,0.18,0.196559112944645,0.467791569708785,0.0135475125348522,0.0135475125348522,0.78444,0,0.21556,0.03388
18,13,2,4,0.711,0.776,1,2,0.711,0.742,0.288,0.467,0.199,0.104,2.96810631894281,1.61041800149254,0.537756061018503,0.537756061018503,0.04932,0,0.95068,0
17,13,4,4,0.563,0.636,2,2,0.728,0.502,0.371,0.456,0.125,0.152,11.1306800474016,1.8077385880468,Inf,Inf,0,0.25768,0.74232,0
14,14,4,4,0.986,0.698,1,1,0.879,0.657,0.307,0.317,0.156,0.123,13.8156009330807,0.402982606152842,1.73138491841512,1.73138491841512,0,0.7122,0.2878,2e-05
12,12,3,4,0.894,0.593,1,2,0.853,0.704,0.393,0.357,0.137,0.185,5.47170014452942,1.27004751864846,0.805521832681343,0.805521832681343,0,0,1,0.00106
18,9,4,4,0.765,0.754,1,2,0.566,0.858,0.367,0.344,0.162,0.147,8.99903809432599,0.0275754091303343,3.06386426161347,3.06386426161347,0,0.99802,0.00198,0
15,13,3,2,0.7,0.732,1,1,0.508,0.859,0.318,0.448,0.195,0.2,9.09043055261158,1.71614460528671,Inf,Inf,0,0.01514,0.98486,0
13,11,4,4,0.815,0.514,1,2,0.8,0.727,0.456,0.404,0.108,0.133,10.1899552798856,1.02985917696134,Inf,Inf,0,0.41302,0.58698,0
11,11,4,3,0.702,0.773,2,1,0.581,0.894,0.393,0.285,0.178,0.181,5.99514242982672,1.23576690866093,Inf,Inf,0,2e-05,0.99998,4e-05
15,12,2,3,0.9,0.552,1,1,0.847,0.58,0.28,0.351,0.174,0.15,7.03644665081656,1.06989314695088,Inf,Inf,0,0,1,0
17,15,3,3,0.992,0.579,2,1,0.995,0.631,0.407,0.327,0.158,0.191,13.3508845688874,1.22818853565573,Inf,Inf,0,0.13226,0.86774,0
9,17,4,4,0.625,0.89,2,1,0.864,0.791,0.499,0.391,0.118,0.198,3.54343572387779,1.43778865888351,0.208437395522223,0.208437395522223,0.00506,0,0.99494,0.99494
17,18,3,2,0.565,0.992,1,2,0.643,0.68,0.441,0.484,0.15,0.148,2.30481923605538,1.91319455231711,0.201480813093288,0.201480813093288,0.1965,0,0.8035,0
18,11,4,3,0.832,0.508,1,1,0.998,0.857,0.258,0.484,0.107,0.19,11,0,Inf,Inf,0,1,0,0
15,15,2,4,0.791,0.927,2,2,0.51,0.796,0.29,0.489,0.126,0.18,0.569049407971623,0.894189113664367,0.0492267503110731,0.0492267503110731,0.58462,0,0.41538,0.002
18,12,3,2,0.932,0.595,2,1,0.88,0.91,0.439,0.475,0.145,0.113,12,0,Inf,Inf,0,1,0,0
11,17,4,3,0.763,0.532,2,2,0.506,0.782,0.4,0.292,0.138,0.131,2.04595725817716,1.11423768552624,Inf,Inf,0.04276,0,0.95724,0.00584
10,10,2,2,0.69,0.911,1,2,0.619,0.693,0.472,0.342,0.123,0.194,0.386568548482675,0.615555059649451,0.0708033023677402,0.0708033023677402,0.57762,0,0.42238,0
16,16,3,2,0.88,0.753,2,1,0.814,0.853,0.446,0.313,0.116,0.143,8.95028814692391,1.13245580175378,Inf,Inf,0,0,1,0
9,9,4,2,0.786,0.921,2,1,0.62,0.583,0.345,0.343,0.172,0.189,7.7527192646978,1.09341188010256,Inf,Inf,0,0.20766,0.79234,0
18,12,2,3,0.839,0.744,2,1,0.85,0.691,0.254,0.425,0.186,0.127,9.29941787448378,1.27688150094939,Inf,Inf,0,0.0196,0.9804,0
16,18,4,4,0.753,0.501,1,1,0.67,0.784,0.462,0.472,0.131,0.123,15.9285524572667,1.6843083458017,1.25953356463732,1.25953356463732,0,0.16716,0.83284,0.02852
17,13,4,2,0.507,0.867,1,2,0.902,0.995,0.424,0.29,0.114,0.15,2.50410536665924,1.25830550734287,NA,NA,0.02498,0,0.97502,0
14,16,3,2,0.718,0.908,2,2,0.61,0.797,0.312,0.398,0.173,0.148,1.92540837312342,1.37897246988452,NA,NA,0.13048,0,0.86952,0
13,12,2,2,0.829,0.664,1,2,0.796,0.915,0.398,0.272,0.175,0.184,0.202561479167319,0.370769751356891,NA,NA,0.64506,0,0.35494,0
10,15,3,2,0.968,0.907,1,1,0.841,0.664,0.474,0.35,0.174,0.132,6.67560951656279,0.922290589586996,0.51380111047312,0.51380111047312,0,0,1,0.18196
17,16,2,4,0.728,0.925,2,2,0.766,0.632,0.455,0.32,0.152,0.195,1.52074930864487,1.16638257411906,0.109149347815531,0.109149347815531,0.14308,0,0.85692,0.1141
18,18,2,4,0.714,0.783,2,1,0.534,0.687,0.458,0.287,0.12,0.137,3.82341232722227,1.07707646541768,0.233987169978123,0.233987169978123,4e-05,0,0.99996,0.32846
16,9,3,2,0.517,0.787,2,1,0.78,0.517,0.402,0.416,0.141,0.159,7.96240640486617,1.19389489395264,Inf,Inf,0,0.3602,0.6398,0
16,9,2,3,0.663,0.905,1,1,0.876,0.729,0.395,0.372,0.125,0.159,5.44626694297103,1.26047693223513,2.48089568803314,2.48089568803314,0,0.00294,0.99706,0
14,14,2,3,0.918,0.603,2,2,0.869,0.852,0.344,0.412,0.143,0.123,0.881325389420203,0.831579655611926,NA,NA,0.28468,0,0.71532,0
10,18,2,3,0.633,0.759,1,1,0.522,0.875,0.483,0.267,0.188,0.19,0.0387694073109107,0.162035943192917,0.00215386475761064,0.00215386475761064,0.90984,0,0.09016,0.09014
10,13,2,3,0.615,0.933,1,1,0.595,0.698,0.356,0.432,0.183,0.125,1.45902346949616,1.09487041325533,0.114735766342617,0.114735766342617,0.16082,0,0.83918,0.61992
12,12,3,2,0.712,0.946,1,2,0.655,0.734,0.499,0.361,0.176,0.118,2.90899269176815,1.28887887605608,0.40386204415195,0.40386204415195,0.01526,0,0.98474,0.00016
15,10,3,4,0.681,0.547,2,1,0.989,0.872,0.483,0.291,0.116,0.166,6.38189289023218,1.23154972360193,Inf,Inf,0,0.00268,0.99732,0
15,9,2,2,0.881,0.671,2,2,0.988,0.606,0.339,0.428,0.102,0.164,6.62803427552314,1.28070245507013,Inf,Inf,0,0.04128,0.95872,0
10,10,2,4,0.634,0.629,1,2,0.64,0.844,0.278,0.366,0.116,0.188,0.024218029991948,0.14553612500895,0.00493141754429749,0.00493141754429749,0.9585,0,0.0415,0
11,18,3,3,0.513,0.774,1,2,0.785,0.752,0.489,0.251,0.135,0.136,0.00158756061817242,0.0342684676485727,8.81978121206899e-05,8.81978121206899e-05,0.99634,0,0.00366,0.00366
13,13,4,4,0.974,0.733,1,2,0.896,0.654,0.36,0.426,0.115,0.137,12.8780657787585,0.363957280323854,1.38092299439671,1.38092299439671,0,0.82886,0.17114,0.00536
16,18,2,4,0.534,0.82,2,2,0.952,0.67,0.272,0.284,0.163,0.143,0.0184162995987169,0.130417407651604,0.00215147291138208,0.00215147291138208,0.9692,0,0.0308,0
11,11,3,3,0.979,0.69,2,2,0.861,0.951,0.385,0.283,0.191,0.172,3.21984487635685,0.684087848161763,Inf,Inf,0,0,1,0
11,11,4,2,0.679,0.972,2,1,0.862,0.746,0.382,0.351,0.143,0.158,7.60354999537977,1.40040898848961,Inf,Inf,0,0.00928,0.99072,0
12,12,4,4,0.774,0.92,2,1,0.913,0.712,0.351,0.307,0.142,0.147,8.77361461568668,1.26653744629168,1.14592008442579,1.14592008442579,0,0.00624,0.99376,6e-05
14,14,4,3,0.532,0.962,2,1,1,0.623,0.332,0.373,0.152,0.139,7.86148831481323,1.66529919860216,1.9684023306425,1.9684023306425,0,0.00014,0.99986,0
9,11,3,3,0.628,0.948,2,1,0.538,0.667,0.437,0.418,0.148,0.115,4.0123359075694,1.28577208489491,0.380435815599106,0.380435815599106,0.00096,0,0.99904,0.62816
10,10,3,2,0.598,0.798,1,2,0.927,0.871,0.435,0.456,0.169,0.177,0.679831777126253,0.924555108273516,NA,NA,0.49748,0,0.50252,0
10,15,4,2,0.928,0.518,1,2,0.787,0.769,0.273,0.402,0.151,0.114,5.63870051020672,1.22107020823512,Inf,Inf,0,0,1,0
16,11,3,2,0.83,0.561,2,1,0.881,0.636,0.406,0.367,0.113,0.177,10.7871323338846,0.517068181457821,Inf,Inf,0,0.75804,0.24196,0
11,11,2,4,0.677,0.88,1,2,0.644,0.822,0.309,0.318,0.167,0.2,0.0583273289314572,0.223670417769825,0.00612075284844894,0.00612075284844894,0.8983,0,0.1017,0.01694
18,11,2,4,0.906,0.862,1,2,0.888,0.588,0.299,0.326,0.189,0.142,6.42161487703353,1.13148359855459,1.66161793283905,1.66161793283905,0,4e-05,0.99996,0
17,9,3,3,0.573,0.524,2,2,0.731,0.656,0.431,0.498,0.153,0.192,7.95096830123697,1.36519851189797,Inf,Inf,0,0.43492,0.56508,0
12,12,2,2,0.504,0.653,2,1,0.564,0.719,0.41,0.311,0.171,0.133,1.13337868757854,0.858470961621056,NA,NA,0.14972,0,0.85028,0
12,12,3,4,0.908,0.918,2,1,0.642,0.97,0.491,0.269,0.19,0.124,5.66385642932605,0.753972261409672,0.476797040453535,0.476797040453535,0,0,1,0.87408
11,16,4,2,0.603,0.65,1,2,0.949,0.865,0.279,0.452,0.104,0.187,0.453870743838252,0.844161565533105,NA,NA,0.66846,0,0.33154,0
18,17,2,2,0.79,0.527,1,1,0.58,0.563,0.347,0.256,0.129,0.141,4.83238450596399,1.02040762013613,Inf,Inf,0,0,1,0
15,12,4,4,0.519,0.807,2,1,0.817,0.519,0.449,0.329,0.167,0.166,8.19285597340233,1.59849318659779,Inf,Inf,0,0.0107,0.9893,0
15,15,3,3,0.822,0.718,1,2,0.835,0.738,0.41,0.432,0.198,0.148,6.4147971686087,1.63042467145034,0.827815959946332,0.827815959946332,0,0,1,6e-05
13,13,3,4,0.619,0.781,1,1,0.987,0.652,0.454,0.441,0.184,0.155,6.90526215378143,1.66027655841972,0.575001928096274,0.575001928096274,0,0.00016,0.99984,0.41258
18,10,3,4,0.656,0.59,2,1,0.732,0.944,0.422,0.303,0.178,0.104,7.86048850664034,1.16593930034005,Inf,Inf,0,0.03998,0.96002,0
11,17,2,2,0.544,0.985,2,1,0.527,0.968,0.361,0.446,0.168,0.121,0.0129679591981468,0.105700989994542,0.00108166347696456,0.00108166347696456,0.9803,0,0.0197,8e-05
14,14,3,3,0.957,0.719,1,1,0.712,0.892,0.319,0.299,0.135,0.127,8.281401141561,0.852086656671909,1.33498341502147,1.33498341502147,0,0,1,0
16,16,3,2,0.927,0.863,2,1,0.693,0.789,0.413,0.277,0.167,0.177,8.82581766703225,1.20021957224909,Inf,Inf,0,0,1,0
11,18,3,2,0.731,0.987,1,2,0.871,0.849,0.323,0.483,0.185,0.107,0.0167212256804209,0.141171336153769,0.00125041688584966,0.00125041688584966,0.98092,0,0.01908,6e-05
15,15,3,3,0.743,0.628,1,1,0.539,0.562,0.467,0.273,0.182,0.19,6.83544425651548,1.35271913793302,0.760010773712007,0.760010773712007,0,0,1,0.00222
10,17,2,3,0.649,0.789,2,1,0.886,0.793,0.287,0.291,0.152,0.137,0.243503285451417,0.432758143811231,0.0229220513864778,0.0229220513864778,0.64848,0,0.35152,0.00066
10,14,2,3,0.694,0.779,1,1,0.75,0.527,0.466,0.459,0.199,0.183,2.97384856107644,1.34791395485917,0.215829705083795,0.215829705083795,0.01642,0,0.98358,0.82976
13,18,4,3,0.785,0.529,1,1,0.559,0.838,0.429,0.335,0.131,0.171,8.61414054155777,1.40516059593521,0.711619702033089,0.711619702033089,0,0,1,0.01936
18,13,2,4,0.549,0.513,2,1,0.629,0.643,0.266,0.467,0.135,0.153,5.33380835913634,1.69375400852916,NA,NA,7e-04,2e-05,0.99928,0
14,13,3,4,0.655,0.886,1,1,0.683,0.603,0.367,0.274,0.153,0.125,5.39296061152236,1.12063515353482,0.446275709112673,0.446275709112673,0,0,1,0.33486
16,10,2,4,0.991,0.696,1,1,0.852,0.51,0.321,0.358,0.181,0.117,9.37558359809769,0.63966103206772,Inf,Inf,0,0.29018,0.70982,0
13,9,3,2,0.794,0.559,2,1,0.601,0.783,0.251,0.255,0.182,0.18,6.09344959456781,1.12598186497725,Inf,Inf,0,0.0063,0.9937,0
10,10,3,4,0.883,0.563,1,1,0.942,0.647,0.305,0.455,0.18,0.173,8.91054426675063,1.03939575711771,Inf,Inf,0,0.2474,0.7526,0
17,10,4,2,0.823,0.881,1,2,0.704,0.569,0.434,0.264,0.111,0.147,9.933018439533,0.266059197241242,Inf,Inf,0,0.89672,0.10328,0
9,15,4,2,0.833,0.979,1,2,0.552,0.833,0.289,0.263,0.118,0.159,1.3290868843194,0.837695343194583,0.114460107471087,0.114460107471087,0.06886,0,0.93114,0.00572
9,9,4,4,0.981,0.945,2,1,0.801,0.592,0.321,0.259,0.13,0.178,7.7046553191617,0.951807731150397,1.25126007854846,1.25126007854846,0,0.12556,0.87444,0.0021
18,9,3,4,0.688,0.885,1,1,0.76,0.66,0.349,0.499,0.152,0.102,8.99982321450083,0.0123476800596167,2.93586243004177,2.93586243004177,0,0.99962,0.00038,0
14,11,2,2,0.624,0.856,2,1,0.784,0.662,0.304,0.408,0.126,0.166,4.15804043318677,1.34392420887258,NA,NA,0.00084,0,0.99916,0
17,13,4,2,0.984,0.924,2,2,0.777,0.866,0.464,0.417,0.184,0.148,13,0,Inf,Inf,0,1,0,0
9,10,2,3,0.781,0.662,1,1,0.684,0.549,0.46,0.257,0.191,0.126,2.19838041212734,0.705495546206453,0.337604331641905,0.337604331641905,5e-04,0,0.9995,0.0402
15,15,2,2,0.68,0.523,2,2,0.612,0.578,0.331,0.334,0.113,0.175,1.1700057438918,1.0781229921009,NA,NA,0.24398,0,0.75602,0
16,16,4,2,0.889,0.657,1,2,0.646,0.74,0.479,0.362,0.124,0.12,12.0281147408345,1.44470103008816,Inf,Inf,0,0.00328,0.99672,0
18,14,2,2,0.661,0.68,2,1,0.758,0.948,0.468,0.3,0.16,0.165,3.15385595914311,1.03893329551513,NA,NA,0.00056,0,0.99944,0
17,17,3,4,0.739,0.525,1,1,0.524,0.705,0.447,0.462,0.157,0.122,11.8828385681401,1.795973369526,1.03168615411348,1.03168615411348,0,0.00242,0.99758,0.01212
14,12,2,2,0.652,0.572,1,2,0.597,0.959,0.417,0.268,0.192,0.197,0.0102990925468994,0.0784214391858562,NA,NA,0.97024,0,0.02976,0
13,9,4,4,0.759,0.749,1,1,0.512,0.945,0.26,0.297,0.194,0.118,8.63542341042105,0.596512096233758,2.51027634334846,2.51027634334846,0,0.56676,0.43324,0
9,9,2,3,0.798,0.551,1,2,0.925,0.721,0.364,0.388,0.117,0.147,0.719647061096713,0.777878369914152,NA,NA,0.3621,0,0.6379,0
14,14,2,4,0.758,0.808,1,1,0.818,0.818,0.469,0.315,0.106,0.171,3.08688117422048,1.00427783195534,0.222496800863268,0.222496800863268,4e-04,0,0.9996,0.86784
11,11,4,4,0.719,0.689,2,1,0.651,0.917,0.271,0.461,0.138,0.106,9.71056648644174,1.22862978546866,2.45302501418428,2.45302501418428,0,0.24346,0.75654,0
10,13,3,2,0.703,0.878,2,2,0.938,0.975,0.267,0.348,0.169,0.156,0.0161149225479888,0.106111422806886,NA,NA,0.968,0,0.032,0
14,17,4,3,0.683,0.745,2,1,0.526,0.808,0.331,0.371,0.151,0.187,9.10106223313314,1.69114078022144,1.01830640966674,1.01830640966674,0,0,1,6e-05
17,13,4,3,0.87,0.84,1,2,0.568,0.616,0.423,0.371,0.168,0.197,12.9576792326048,0.23710009164948,1.78026858991373,1.78026858991373,0,0.94498,0.05502,0
15,17,3,3,0.874,0.61,2,2,0.664,0.761,0.37,0.477,0.147,0.12,6.42866970230232,1.64813752107629,Inf,Inf,2e-05,0,0.99998,0
17,14,4,2,0.572,0.596,2,1,0.781,0.748,0.388,0.451,0.162,0.131,12.431906515738,1.59530893509285,Inf,Inf,0,0.28312,0.71688,0
11,11,2,3,0.85,0.775,2,2,0.975,0.726,0.472,0.278,0.199,0.109,0.814615475535444,0.675353765036589,NA,NA,0.20006,0,0.79994,0
14,10,3,2,0.67,0.829,1,1,0.613,0.983,0.27,0.377,0.139,0.2,6.89081297099298,1.42318431700149,Inf,Inf,0,0.01714,0.98286,0
12,10,4,3,0.578,0.777,1,1,0.615,0.824,0.286,0.394,0.105,0.159,7.62924584902704,1.48381146028564,2.10310760732877,2.10310760732877,0,0.0748,0.9252,0
13,9,4,2,0.946,0.926,1,2,0.545,0.671,0.498,0.311,0.17,0.186,8.98378891086844,0.121089030648042,Inf,Inf,0,0.9685,0.0315,0
15,15,3,4,0.608,0.83,2,2,0.727,0.809,0.421,0.26,0.193,0.11,0.923958455860648,0.86333944948055,0.0807459954309375,0.0807459954309375,0.25588,0,0.74412,0.03502
17,12,3,2,0.562,0.585,1,1,0.929,0.745,0.433,0.302,0.128,0.145,5.96447798994671,1.33286696200651,Inf,Inf,0,0,1,0
13,13,4,3,0.674,0.966,1,2,0.846,0.56,0.485,0.422,0.1,0.176,8.63752867307047,1.93226427392092,0.688265647650695,0.688265647650695,0,0.01354,0.98646,0.47476
15,17,4,3,0.852,0.72,1,2,0.955,0.901,0.404,0.326,0.177,0.175,6.67517579367,1.31886966008982,0.672052278538896,0.672052278538896,0,0,1,8e-05
16,12,3,2,0.989,0.813,1,1,0.703,0.755,0.292,0.386,0.108,0.188,11.9932655166174,0.0741827846031716,Inf,Inf,0,0.98488,0.01512,0
9,11,3,4,0.551,0.512,1,1,0.959,0.747,0.383,0.45,0.191,0.144,3.00181362162677,1.370342862243,0.506623928412438,0.506623928412438,0.01844,0,0.98156,0.00812
14,14,2,4,0.592,0.645,2,1,0.726,0.881,0.432,0.363,0.123,0.193,1.5733354704698,1.05881377144779,NA,NA,0.0971,0,0.9029,8e-05
9,12,3,2,0.953,0.635,2,1,0.605,0.816,0.32,0.359,0.184,0.151,5.72346508501135,0.867943551977444,Inf,Inf,0,0,1,0
9,13,2,2,0.844,0.99,2,2,0.831,0.78,0.419,0.397,0.132,0.16,0.0107034238171977,0.0960895053418458,0.0016948389337645,0.0016948389337645,0.98272,0,0.01728,0
18,9,3,2,0.951,0.758,1,1,0.924,0.799,0.372,0.273,0.157,0.14,8.99933317125489,0.0188148838360133,Inf,Inf,0,0.99772,0.00228,0
18,17,3,3,0.931,0.565,1,1,0.795,0.532,0.28,0.281,0.12,0.174,11.5917755551666,1.36010043547086,Inf,Inf,0,0.00012,0.99988,0
15,15,2,2,0.859,0.656,1,1,0.912,0.933,0.274,0.277,0.158,0.149,3.26079636905665,0.776634014271847,Inf,Inf,0,0,1,0
11,11,3,4,0.936,0.692,2,2,0.999,0.681,0.382,0.455,0.109,0.122,7.23982403494863,1.28289964031513,Inf,Inf,0,0.00224,0.99776,0
13,9,3,3,0.629,0.736,1,1,0.743,0.886,0.365,0.361,0.146,0.126,5.97087700851922,1.24403229288432,Inf,Inf,0,0.00756,0.99244,0
12,12,3,3,0.746,0.75,2,2,0.523,0.648,0.469,0.319,0.154,0.136,3.6036730616732,1.20713769125633,Inf,Inf,0.00148,0,0.99852,0.00138
11,11,4,2,0.78,0.575,1,1,0.575,0.696,0.468,0.481,0.194,0.168,10.8682307412664,0.430970818897637,Inf,Inf,0,0.8537,0.1463,0
9,15,4,2,0.751,0.731,1,1,0.966,0.561,0.44,0.454,0.16,0.135,8.45559746145721,1.57786336169803,0.919084767397418,0.919084767397418,0,0,1,0.00466
18,10,3,3,0.808,0.819,1,2,0.845,0.628,0.409,0.499,0.158,0.185,9.99769740195072,0.0515565810399163,Inf,Inf,0,0.9965,0.0035,0
18,15,3,3,0.587,0.763,1,1,0.945,0.92,0.391,0.298,0.14,0.101,5.33143879995653,1.20301365385455,0.985325127293214,0.985325127293214,2e-05,0,0.99998,0
15,17,4,2,0.669,0.762,1,2,0.53,0.758,0.333,0.253,0.154,0.183,3.64582461445882,1.31765971649266,0.564186500405234,0.564186500405234,0.00104,0,0.99896,0
17,9,2,2,0.923,0.851,2,1,0.754,0.614,0.361,0.462,0.165,0.161,8.99530367807284,0.0622630763603992,Inf,Inf,0,0.9897,0.0103,0
16,11,2,2,0.901,0.688,2,2,0.772,0.531,0.369,0.461,0.176,0.182,7.88322794817873,1.50301703704918,Inf,Inf,0,0.0233,0.9767,0
11,11,3,2,0.773,0.821,1,1,0.626,0.854,0.275,0.472,0.159,0.142,7.59484639522186,1.37716602798937,2.72687073638493,2.72687073638493,0,0.0067,0.9933,0
12,12,2,4,0.705,0.876,2,2,0.786,0.828,0.445,0.413,0.157,0.164,0.096666875219764,0.325545092114859,0.00966372466240871,0.00966372466240871,0.88074,0,0.11926,0.01676
15,15,3,3,0.678,0.826,1,2,0.855,0.907,0.381,0.373,0.138,0.167,1.35141299039389,1.16137234786978,0.148784316148392,0.148784316148392,0.21182,0,0.78818,0
10,14,2,4,0.512,0.847,1,2,0.812,0.689,0.357,0.343,0.141,0.178,0.00141206748448542,0.0344022814947708,0.000100870028853382,0.000100870028853382,0.99734,0,0.00266,0.00264
12,15,2,2,0.552,0.993,1,2,0.645,0.98,0.436,0.316,0.112,0.141,0,0,0,0,1,0,0,0
12,17,2,4,0.993,0.605,1,1,0.533,0.862,0.457,0.485,0.186,0.194,4.45569297644083,0.931224776747495,0.263082906174767,0.263082906174767,0,0,1,0.9567
12,12,3,4,0.93,0.903,1,1,0.614,0.961,0.293,0.477,0.103,0.174,10.4185263574007,1.05776606350125,0.999804788554693,0.999804788554693,0,0.0878,0.9122,0.07004
9,17,4,3,0.503,0.56,2,2,0.762,0.76,0.319,0.437,0.112,0.116,0.0160170793129349,0.139950091346263,NA,NA,0.98168,0,0.01832,0
11,11,3,2,0.506,0.888,1,2,0.671,0.868,0.473,0.433,0.165,0.135,0.195931268743685,0.506145439323313,0.0358217651102308,0.0358217651102308,0.80918,0,0.19082,0
11,11,3,2,0.835,0.533,2,2,0.593,0.835,0.43,0.269,0.114,0.186,2.46818982836469,0.924826713915874,NA,NA,0.00132,0,0.99868,0
13,9,2,3,0.6,0.567,1,2,0.747,0.673,0.308,0.312,0.12,0.116,1.14980905108942,0.906330640347688,NA,NA,0.17556,0,0.82444,0
9,9,2,2,0.583,0.522,1,2,0.964,0.551,0.313,0.286,0.172,0.108,0.425297192012506,0.57145139662463,NA,NA,0.4909,0,0.5091,0
17,10,3,2,0.871,0.909,1,2,0.518,0.965,0.273,0.305,0.111,0.172,7.65754635801851,1.13306970128072,Inf,Inf,0,0.02244,0.97756,0
13,13,3,3,0.559,0.725,1,1,0.623,0.674,0.49,0.441,0.184,0.15,5.74279017336756,1.64720604833316,0.602921784722178,0.602921784722178,0.00024,2e-05,0.99974,0.0441
16,16,3,3,0.515,0.534,1,1,0.943,0.906,0.452,0.294,0.14,0.129,3.01011140933131,1.1452526761224,Inf,Inf,0.00336,0,0.99664,0
9,17,2,2,0.867,0.705,1,1,0.961,0.552,0.485,0.312,0.102,0.196,1.9371395089177,0.917177436051026,0.1444064217267,0.1444064217267,0.01338,0,0.98662,0.12458
10,13,3,4,0.642,0.845,1,1,0.761,0.557,0.441,0.365,0.139,0.117,4.38559117942946,1.23217025798385,0.337354021161104,0.337354021161104,2e-04,0,0.9998,0.9997
10,10,4,2,0.841,0.694,1,2,0.573,0.987,0.475,0.36,0.173,0.106,4.99669265362615,0.939425400565835,Inf,Inf,0,0,1,0
17,11,4,2,0.971,0.599,2,1,0.906,0.932,0.352,0.481,0.191,0.133,11,0,Inf,Inf,0,1,0,0
14,14,4,2,0.965,0.74,1,1,0.676,0.584,0.265,0.324,0.143,0.133,13.8409449029311,0.394066149473064,Inf,Inf,0,0.7652,0.2348,0
14,12,4,3,0.947,0.712,2,2,0.75,0.947,0.282,0.374,0.188,0.188,11.082674643763,0.952853314448817,Inf,Inf,0,0.29444,0.70556,0
13,18,2,2,0.942,0.521,2,2,0.55,0.54,0.283,0.368,0.176,0.107,1.88427448656056,1.15307927794069,NA,NA,0.07942,0,0.92058,0
18,9,4,2,0.938,0.935,1,1,0.71,0.908,0.435,0.457,0.16,0.158,9,0,Inf,Inf,0,1,0,0
9,16,3,4,0.922,0.576,1,2,0.769,0.699,0.474,0.474,0.136,0.164,1.34040321470031,1.21250806076702,0.0838173137608613,0.0838173137608613,0.24852,0,0.75148,0.74688
18,18,2,3,0.924,0.936,1,2,0.84,0.565,0.276,0.442,0.105,0.142,5.70049531360062,1.59019365439787,0.587978964224446,0.587978964224446,0.00016,0,0.99984,0
18,12,3,4,0.595,0.674,2,1,0.635,0.564,0.254,0.338,0.193,0.134,8.5715534426203,1.49125898441803,Inf,Inf,0,0.01236,0.98764,0
18,18,4,3,0.74,0.556,1,2,0.797,0.981,0.39,0.279,0.198,0.117,5.00465543453726,1.17089017330766,Inf,Inf,0,0,1,0
16,12,2,4,0.905,0.723,1,1,0.798,0.559,0.442,0.497,0.124,0.146,10.8526675836299,1.0876457445883,1.5387113837418,1.5387113837418,0,0.24378,0.75622,0.00012
18,14,3,2,0.749,0.793,2,2,0.679,0.635,0.252,0.388,0.145,0.174,8.80063312130434,1.78232303516472,Inf,Inf,0,0.00232,0.99768,0
10,10,2,4,0.868,0.602,2,1,0.748,0.639,0.365,0.364,0.128,0.154,3.99961635785015,0.926886759895095,Inf,Inf,0,0,1,0
14,18,3,2,0.525,0.743,1,2,0.863,0.86,0.262,0.353,0.167,0.113,0.00531995859863491,0.0723146124980982,NA,NA,0.99192,0,0.00808,0
9,9,3,3,0.804,0.739,1,2,0.69,0.672,0.403,0.459,0.136,0.128,4.41058499668788,1.37518173124862,0.839457598393455,0.839457598393455,0.0011,0.00062,0.99828,0.00202
18,18,4,3,0.948,0.669,2,1,0.793,0.641,0.48,0.421,0.106,0.144,17.9999731844936,0.00406814209538763,Inf,Inf,0,0.99994,6e-05,0
10,12,2,4,0.553,0.854,1,1,0.967,0.716,0.278,0.431,0.158,0.128,1.17677356984754,1.02497808802408,0.115278440089541,0.115278440089541,0.23488,0,0.76512,0.09604
9,10,4,2,0.966,0.713,2,1,0.809,0.694,0.379,0.283,0.17,0.164,7.86067232699142,0.990596739955563,Inf,Inf,0,0.0186,0.9814,0
17,12,3,3,0.978,0.846,2,1,0.866,0.993,0.374,0.329,0.122,0.119,11.8622679606217,0.315008658876173,Inf,Inf,0,0.73178,0.26822,0
10,18,4,3,0.838,0.615,2,1,0.502,0.754,0.341,0.25,0.19,0.151,4.98946751925611,0.999089145900664,0.371660047015853,0.371660047015853,0,0,1,0.11146
13,13,2,2,0.752,0.833,2,2,0.821,0.543,0.277,0.496,0.161,0.119,2.7357250181708,1.61608118089116,NA,NA,0.07152,0,0.92848,0
18,18,3,4,0.775,0.564,1,2,0.606,0.924,0.289,0.394,0.156,0.176,3.38937971648563,1.44948123156713,0.409849023434511,0.409849023434511,0.01144,0,0.98856,0
14,15,2,4,0.814,0.504,1,1,0.627,0.512,0.309,0.293,0.169,0.124,4.4360039334361,0.954535241606976,0.664948764585442,0.664948764585442,0,0,1,2e-05
14,9,2,4,0.803,0.586,2,1,0.632,0.976,0.394,0.415,0.172,0.161,5.68078436012771,1.07388264052577,Inf,Inf,0,7e-04,0.9993,0
11,17,2,2,0.982,0.864,2,2,0.767,0.9,0.449,0.468,0.102,0.151,0,0,NA,NA,1,0,0,0
11,18,2,2,0.732,0.883,2,2,0.681,0.84,0.317,0.345,0.109,0.117,0,0,0,0,1,0,0,0
13,9,3,3,0.929,0.802,1,1,0.889,0.841,0.401,0.262,0.126,0.185,7.4697351365417,1.02196863629768,Inf,Inf,0,0.09448,0.90552,0
14,18,2,2,0.66,0.581,1,2,0.969,0.806,0.451,0.26,0.148,0.105,0.000318683807984881,0.0130550675086502,NA,NA,0.99916,0,0.00084,0
11,9,3,2,0.988,0.7,2,1,0.954,0.576,0.386,0.473,0.175,0.126,9,0,Inf,Inf,0,1,0,0
9,16,2,3,0.523,0.588,1,2,0.625,0.513,0.366,0.385,0.147,0.178,0.011206630914676,0.105108970895032,0.000803610265379426,0.000803610265379426,0.98344,0,0.01656,0.00544
14,14,2,2,0.882,0.79,1,1,0.825,0.762,0.338,0.35,0.159,0.101,4.91434814773556,0.900729074038406,Inf,Inf,0,0,1,0
10,13,3,2,0.806,0.553,2,1,0.794,0.749,0.348,0.282,0.177,0.122,4.07279346899053,0.8833243173032,Inf,Inf,0,0,1,0
9,18,4,2,0.541,0.75,2,2,0.837,0.895,0.356,0.473,0.101,0.193,6.65458280936848e-05,0.00649080191804912,NA,NA,0.99988,0,0.00012,0
15,11,3,2,0.564,0.9,1,1,0.65,0.803,0.3,0.403,0.161,0.192,6.67081123944591,1.63829625624137,Inf,Inf,2e-05,0.00576,0.99422,0
9,10,2,4,0.594,0.672,1,2,0.682,0.553,0.408,0.5,0.159,0.178,0.514534854533451,0.846864120265645,0.0585407995441978,0.0585407995441978,0.61198,0,0.38802,0.13942
15,11,2,3,0.631,0.505,2,2,0.753,0.963,0.376,0.287,0.129,0.102,0.0902888697240032,0.253441281947316,NA,NA,0.84018,0,0.15982,0
11,11,3,3,0.555,0.677,2,1,0.997,0.554,0.303,0.264,0.189,0.174,3.2236201613869,1.06317951059701,NA,NA,3e-04,0,0.9997,0
12,16,2,3,0.715,0.751,2,1,0.549,0.507,0.423,0.301,0.153,0.103,2.71974094915598,0.943993261426914,0.220115531312425,0.220115531312425,0.00246,0,0.99754,0.09556
12,12,4,3,0.795,0.711,1,1,0.742,0.827,0.489,0.384,0.159,0.108,10.7088933144075,1.1119449201579,1.3740862978391,1.3740862978391,0,0.19012,0.80988,0.01032
17,13,2,2,0.71,0.76,1,2,0.848,0.826,0.396,0.334,0.151,0.154,1.01746262901938,0.941970396490938,NA,NA,0.25346,0,0.74654,0
10,16,4,4,0.729,0.644,2,2,0.584,0.801,0.375,0.359,0.179,0.105,1.38046140978385,1.14223314564017,0.0900232007900614,0.0900232007900614,0.20204,0,0.79796,0.56158
16,9,4,4,0.799,0.859,1,1,0.537,0.792,0.362,0.303,0.134,0.182,8.99864101943137,0.0348119825373332,2.02887796761175,2.02887796761175,0,0.99732,0.00268,0
16,12,3,4,0.855,0.756,2,2,0.558,0.711,0.366,0.345,0.198,0.162,8.28010708940499,1.38164439579611,Inf,Inf,0,0.00436,0.99564,0
9,11,3,4,0.962,0.965,2,2,0.692,0.731,0.357,0.266,0.112,0.192,2.63066965682924,0.862690281281497,0.239693721735649,0.239693721735649,0.00016,0,0.99984,0.95466
17,13,2,4,0.784,0.996,1,2,0.528,0.595,0.305,0.325,0.2,0.113,3.63378578203928,1.19107622103595,0.368763244868412,0.368763244868412,0.00088,0,0.99912,0.00426
12,17,3,3,0.826,0.824,2,1,0.66,0.577,0.464,0.317,0.108,0.177,6.30759677309072,1.24439199756528,0.394946620031982,0.394946620031982,0,0,1,0.53328
9,14,3,4,0.599,0.792,2,1,0.885,0.707,0.353,0.323,0.12,0.143,2.03250713766189,1.03884016720171,0.148360777786391,0.148360777786391,0.03126,0,0.96874,0.75768
18,17,4,4,0.657,0.952,1,2,0.991,0.659,0.25,0.34,0.2,0.184,8.45295294539217,1.89755889912606,0.775525538837327,0.775525538837327,0,0,1,2e-05
9,12,4,3,0.81,0.884,2,1,0.833,0.614,0.431,0.41,0.101,0.151,8.92351240474749,1.3671944019176,0.949277928191321,0.949277928191321,0,0.01398,0.98602,0.06424
17,17,2,3,0.547,0.94,2,2,0.914,0.914,0.438,0.495,0.109,0.118,2.8490174919185e-05,0.0045513997687796,3.4346498660123e-06,3.4346498660123e-06,0.99996,0,4e-05,0
11,11,3,3,0.59,0.988,1,1,0.737,0.766,0.477,0.318,0.108,0.175,3.51034689941608,1.15500217713589,0.322851959591252,0.322851959591252,0.00026,0,0.99974,0.76676
13,16,2,3,0.637,0.545,2,1,0.832,0.609,0.302,0.453,0.121,0.108,3.10332258430004,1.42787277795776,NA,NA,0.02208,0,0.97792,0
10,10,2,3,0.834,0.834,1,1,0.604,0.982,0.383,0.369,0.196,0.18,2.53314397442076,0.79189103748229,0.361543959801555,0.361543959801555,5e-04,0,0.9995,0.0196
12,18,4,3,0.523,0.816,1,2,0.996,0.811,0.268,0.39,0.195,0.123,0.141506751996907,0.450258674293844,0.0112313882549969,0.0112313882549969,0.86442,0,0.13558,9e-04
13,13,3,2,0.945,0.707,1,1,0.971,0.709,0.363,0.356,0.164,0.145,9.83879187508399,1.08301785794712,Inf,Inf,0,0.00212,0.99788,0
13,16,4,3,0.741,0.938,1,2,0.979,0.55,0.5,0.28,0.193,0.1,5.87226497475748,1.26950988870898,0.367219876322653,0.367219876322653,0,0,1,0.98688
12,12,4,4,0.577,0.638,2,1,0.882,0.764,0.494,0.346,0.196,0.124,6.41219693608092,1.39843939123512,Inf,Inf,0,4e-05,0.99996,8e-05
17,11,3,2,0.516,0.982,2,1,0.702,0.823,0.336,0.494,0.15,0.168,8.4308443382234,1.79941970715429,Inf,Inf,0,0.11176,0.88824,0
15,9,2,3,0.877,0.875,1,2,0.811,0.617,0.378,0.449,0.106,0.141,6.79182907590069,1.28191591224009,2.76031352913464,2.76031352913464,0,0.05422,0.94578,0
15,15,2,2,0.787,0.801,1,1,0.591,0.511,0.253,0.44,0.173,0.142,7.01898836979947,1.41456756082834,1.97497349404332,1.97497349404332,0,0,1,0
10,14,4,4,0.819,0.795,1,2,0.805,0.989,0.478,0.276,0.149,0.187,1.41065809734072,0.792024898895488,0.10076145784283,0.10076145784283,0.04358,0,0.95642,0.9564
16,17,4,4,0.617,0.964,2,2,0.891,0.804,0.353,0.487,0.189,0.165,5.91533382213219,2.28274028262661,0.431442778761808,0.431442778761808,0.00482,0,0.99518,0.02156
18,14,2,4,0.831,0.941,2,1,0.895,0.594,0.258,0.389,0.123,0.102,8.40468715298389,1.22570440590869,2.10311585363373,2.10311585363373,0,2e-05,0.99998,0
18,9,2,4,0.91,0.687,1,2,0.668,0.836,0.471,0.366,0.123,0.195,6.4718028160004,1.16113681407794,Inf,Inf,0,0.0191,0.9809,0
15,15,4,3,0.676,0.544,1,1,0.849,0.934,0.425,0.488,0.193,0.199,12.7725130795406,1.7986662249447,Inf,Inf,0,0.16492,0.83508,0
11,11,2,2,0.538,0.772,2,2,0.744,0.538,0.343,0.42,0.196,0.138,0.55207435122042,0.830256257074568,NA,NA,0.5604,0,0.4396,0
12,17,4,3,0.601,0.916,2,1,0.665,0.621,0.259,0.409,0.104,0.171,7.47104090149379,1.76424994578325,0.672082019292145,0.672082019292145,0,0,1,4e-05
10,12,4,2,0.99,0.998,2,2,0.804,0.984,0.315,0.378,0.114,0.16,6.04071881118725,0.720726875607981,2.19047502820729,2.19047502820729,0,0,1,0
17,13,4,3,0.77,0.686,2,2,0.918,0.633,0.418,0.258,0.198,0.189,9.26799312251341,1.55678105686548,Inf,Inf,0,0.01116,0.98884,0
9,15,2,3,0.764,0.795,2,1,0.637,0.956,0.465,0.464,0.178,0.184,0.231893161327739,0.442788837671188,0.0156271446343683,0.0156271446343683,0.70558,0,0.29442,0.26496
13,9,4,2,0.686,0.503,1,2,0.919,0.847,0.454,0.332,0.117,0.102,6.75230903812403,1.25221857563171,Inf,Inf,0,0.04582,0.95418,0
18,15,4,2,0.761,0.592,2,1,0.903,0.869,0.379,0.434,0.164,0.176,14.9474966363881,0.275529938835853,Inf,Inf,0,0.93804,0.06196,0
9,14,4,2,0.706,0.591,1,1,0.898,0.845,0.496,0.454,0.117,0.17,6.16543940222796,1.52045961398288,Inf,Inf,0,0,1,0.00036
10,10,3,4,0.667,0.842,1,2,0.963,0.677,0.288,0.422,0.165,0.162,2.74952479868463,1.43677943687507,0.407377765892916,0.407377765892916,0.03708,0,0.96292,0.0019
13,13,3,3,0.886,0.57,2,2,0.759,0.717,0.324,0.263,0.125,0.114,4.18645581029408,0.914745227603108,Inf,Inf,0,0,1,0
14,9,3,2,0.568,0.843,1,2,0.636,0.546,0.314,0.304,0.122,0.194,4.25155981057228,1.37356075407157,Inf,Inf,0.00024,0.00072,0.99904,0
15,9,3,2,0.584,0.784,1,1,0.531,0.567,0.3,0.252,0.157,0.152,5.33409936000374,1.15480743641066,Inf,Inf,0,0.00144,0.99856,0
16,12,3,2,0.998,0.64,2,2,0.696,0.802,0.342,0.419,0.133,0.173,11.5076980881727,0.696873714499122,Inf,Inf,0,0.48852,0.51148,0
11,10,3,3,0.697,0.558,2,1,0.514,0.874,0.444,0.493,0.115,0.166,7.02039852085778,1.49547299983081,Inf,Inf,0,0.02674,0.97326,0
12,12,2,2,0.695,0.995,2,1,0.893,0.834,0.458,0.349,0.155,0.197,2.32729308542585,1.03243600592617,NA,NA,0.01038,0,0.98962,0
15,15,3,3,0.89,0.659,2,1,0.517,0.821,0.384,0.471,0.115,0.131,13.0070076931907,1.29927030523975,Inf,Inf,0,0.08158,0.91842,0
11,17,2,2,0.64,0.932,2,1,0.598,0.71,0.269,0.428,0.107,0.139,1.03640888047482,1.01463426218253,0.138821130903929,0.138821130903929,0.30176,0,0.69824,0
13,13,3,2,0.528,0.652,2,2,0.571,0.703,0.334,0.353,0.103,0.183,1.0399062909301,1.10524222755075,NA,NA,0.3248,0,0.6752,0
13,17,3,3,0.863,0.961,1,1,0.5,0.62,0.432,0.255,0.189,0.181,5.89217190944514,1.14496802577201,0.346599502339983,0.346599502339983,0,0,1,0.99984
13,13,4,4,0.692,0.755,1,2,0.705,0.778,0.326,0.49,0.171,0.162,7.7271000043274,2.03617400426399,0.806655151134797,0.806655151134797,4e-05,0.00504,0.99492,0.01728
12,12,3,3,0.955,0.675,1,1,0.516,0.82,0.346,0.46,0.122,0.128,11.1299785732046,0.826542845237715,1.86013273591482,1.86013273591482,0,0.24584,0.75416,0
10,10,4,2,0.509,0.622,1,1,0.923,1,0.315,0.404,0.149,0.108,4.18330687091218,1.32162173201802,NA,NA,0.00062,0,0.99938,0
14,14,4,2,0.721,0.728,2,1,0.948,0.642,0.347,0.387,0.182,0.15,12.0102237541021,1.49763553391544,Inf,Inf,0,0.13522,0.86478,0
17,14,4,4,0.848,0.999,2,1,0.968,0.65,0.259,0.407,0.134,0.182,13.9994046226321,0.0224848637168396,2.88915581680901,2.88915581680901,0,0.99878,0.00122,0
16,14,3,2,0.917,0.701,2,1,0.658,0.94,0.376,0.496,0.166,0.112,13.9041297943747,0.321392658168005,Inf,Inf,0,0.8569,0.1431,0
13,10,4,4,0.94,0.678,1,2,0.983,0.678,0.33,0.3,0.177,0.11,9.81898910788007,0.395946083204588,Inf,Inf,0,0.71486,0.28514,0
9,9,4,3,0.952,0.665,1,2,0.771,0.879,0.457,0.421,0.151,0.167,7.69469998847876,0.947188296698715,Inf,Inf,0,0.1259,0.8741,0.00214
16,11,3,2,0.593,0.832,2,1,0.507,0.912,0.389,0.452,0.113,0.154,8.27372746110539,1.63702715429717,Inf,Inf,0,0.06276,0.93724,0
14,11,3,3,0.722,0.766,2,1,0.641,0.757,0.443,0.276,0.101,0.158,6.07554443879145,1.15798667909529,Inf,Inf,0,6e-05,0.99994,0
18,12,2,2,0.682,0.633,2,1,0.709,0.622,0.498,0.471,0.169,0.156,8.04362777782506,1.65054382938618,Inf,Inf,0,0.00862,0.99138,0
13,10,2,2,0.915,0.889,2,1,0.563,0.952,0.481,0.323,0.181,0.192,4.60981040064599,0.891586104916579,Inf,Inf,0,0,1,0
14,14,2,2,0.671,0.887,1,2,0.976,0.851,0.484,0.305,0.107,0.105,0.0211570406594309,0.127846668788932,0.00400818035240674,0.00400818035240674,0.96174,0,0.03826,0
11,11,2,4,0.873,0.634,2,2,0.513,0.608,0.338,0.261,0.115,0.114,1.5229628856824,0.760689171661732,0.29380041640239,0.29380041640239,0.02724,0,0.97276,0.00012
9,9,3,3,0.935,0.799,1,2,0.947,0.737,0.313,0.47,0.195,0.17,5.63355672643883,1.20782617780663,1.47278541324129,1.47278541324129,0,0.00332,0.99668,0
13,13,3,4,0.696,0.975,1,2,0.839,0.535,0.325,0.401,0.124,0.196,5.30998602979793,1.69389039113529,0.423210557302063,0.423210557302063,0.00086,0,0.99914,0.46192
12,10,3,3,0.821,0.611,1,2,0.813,0.903,0.316,0.275,0.134,0.132,3.16665408626325,0.855712682299838,Inf,Inf,0,0,1,0
14,15,4,2,0.684,0.865,2,2,0.808,0.939,0.31,0.352,0.168,0.162,3.5572347072678,1.40344415089318,NA,NA,0.00518,0,0.99482,0
18,15,2,3,0.539,0.614,1,2,0.578,0.604,0.453,0.414,0.1,0.156,0.965585789989868,1.18206900534145,0.157891506414443,0.157891506414443,0.42242,0,0.57758,0
12,15,4,3,0.911,0.778,2,2,0.707,0.57,0.477,0.399,0.136,0.152,10.6281764134073,1.55103753824942,1.03999953779653,1.03999953779653,0,0.00282,0.99718,0.02932
9,9,3,2,0.645,0.892,2,1,0.594,0.814,0.318,0.354,0.105,0.12,3.56599718447479,1.03996404472366,Inf,Inf,0.00022,0,0.99978,0
13,9,2,3,0.76,0.626,2,1,0.603,0.528,0.412,0.331,0.136,0.12,4.96314113668842,0.997075795150138,Inf,Inf,0,2e-05,0.99998,0
16,18,3,2,0.742,0.531,2,1,0.907,0.602,0.401,0.273,0.132,0.14,6.76311049136088,1.21857285461756,Inf,Inf,0,0,1,0
10,15,3,4,0.733,0.598,1,1,0.757,0.733,0.26,0.274,0.127,0.111,3.01675245166686,0.890525147299855,0.281790535003492,0.281790535003492,0.00028,0,0.99972,0.01862
14,14,3,4,0.518,0.919,1,1,0.822,0.831,0.34,0.315,0.145,0.122,3.17852364545702,1.1740839681078,0.24082280950914,0.24082280950914,0.00294,0,0.99706,0.36738
17,13,3,2,0.994,0.957,2,1,0.841,0.73,0.403,0.321,0.121,0.157,12.6449568368859,0.583901272449141,Inf,Inf,0,0.57038,0.42962,0
12,17,2,4,0.569,0.632,2,2,0.819,0.925,0.318,0.446,0.15,0.197,0,0,0,0,1,0,0,0
11,11,4,4,0.611,0.646,2,1,0.844,0.658,0.486,0.395,0.177,0.195,7.74844251158306,1.62141514738054,Inf,Inf,0,0.02944,0.97056,5e-04
16,11,3,2,0.898,0.709,2,1,0.94,0.743,0.42,0.295,0.197,0.151,10.1010609848001,0.896699568824344,Inf,Inf,0,0.27368,0.72632,0
17,13,2,2,0.828,0.668,2,2,0.958,0.701,0.394,0.314,0.141,0.145,3.11131096932739,1.10808341542944,NA,NA,0.00178,0,0.99822,0
10,17,4,3,0.627,0.693,2,2,0.745,0.518,0.363,0.43,0.166,0.194,3.23466765040669,1.84312609293938,0.269620234856219,0.269620234856219,0.05024,0,0.94976,0.05134
11,18,3,4,0.596,0.526,1,2,0.953,0.541,0.461,0.257,0.164,0.198,0.449756333671545,0.68338127405827,0.0257508210492534,0.0257508210492534,0.52552,0,0.47448,0.36648
14,14,2,2,0.875,0.571,1,2,0.687,0.863,0.409,0.463,0.194,0.183,0.540804468286524,0.767192917779869,NA,NA,0.52646,0,0.47354,0
17,13,2,4,0.724,0.917,1,2,0.932,0.832,0.429,0.386,0.128,0.145,1.27409149251924,1.09830068758691,0.122958474066515,0.122958474066515,0.22178,0,0.77822,0.00206
10,18,2,2,0.73,0.804,2,2,0.765,0.931,0.35,0.485,0.188,0.114,0,0,NA,NA,1,0,0,0
13,13,4,2,0.827,0.637,2,2,0.82,0.655,0.285,0.469,0.185,0.185,11.7434506742252,1.39013980444821,Inf,Inf,0,0.33296,0.66704,0
9,14,4,4,0.972,0.53,1,2,0.557,0.659,0.397,0.46,0.161,0.134,7.60857737193265,1.34978644461051,0.573539775330377,0.573539775330377,0,2e-05,0.99998,0.66638
10,10,2,4,0.767,0.574,2,2,0.926,0.586,0.45,0.408,0.105,0.179,1.54643221514211,1.13221979751084,NA,NA,0.13906,0,0.86094,0
18,18,3,4,0.687,0.746,2,1,0.577,0.615,0.312,0.259,0.104,0.197,6.75875017657735,1.44003929349719,0.67488766006603,0.67488766006603,0,0,1,0
18,18,3,2,0.626,0.904,2,2,0.851,0.558,0.285,0.466,0.181,0.195,6.38553565091812,2.2655816804031,NA,NA,0.00262,0,0.99738,0
12,18,4,3,0.673,0.673,1,1,0.617,0.841,0.392,0.4,0.186,0.129,6.8690173524255,1.54363239660566,0.426844855325144,0.426844855325144,0,0,1,0.35312
14,17,2,3,0.795,0.841,1,1,0.834,0.665,0.264,0.363,0.147,0.1,3.97485076335743,1.0947096762145,0.404716425819452,0.404716425819452,0.00016,0,0.99984,0
13,13,4,2,0.501,0.601,2,2,0.713,0.921,0.428,0.289,0.199,0.15,0.806748905218018,0.882607017781181,NA,NA,0.34252,0,0.65748,0
13,13,4,2,0.84,0.809,2,2,0.937,0.505,0.473,0.457,0.178,0.112,12.6685805618826,0.72015204865459,Inf,Inf,0,0.70874,0.29126,0
10,18,2,3,0.602,0.895,2,1,0.501,0.682,0.377,0.341,0.165,0.101,0.360863104075636,0.572471844514285,0.0200507473529751,0.0200507473529751,0.59808,0,0.40192,0.40102
9,16,2,3,0.926,0.838,1,2,0.515,0.686,0.274,0.425,0.19,0.109,0.0154746919625988,0.11918704098851,0.00100147029278422,0.00100147029278422,0.97754,0,0.02246,0.01564
13,14,2,4,0.639,0.761,2,1,0.688,0.771,0.297,0.483,0.144,0.14,2.81918290000633,1.42528146636109,0.369994676674066,0.369994676674066,0.03382,0,0.96618,4e-05
15,15,3,3,0.876,0.85,2,1,0.609,0.596,0.341,0.464,0.17,0.123,13.8703639341492,1.15489820553164,2.13999215926315,2.13999215926315,0,0.28388,0.71612,0
14,14,3,4,0.536,0.857,1,1,0.857,0.692,0.275,0.308,0.151,0.154,3.95741260604309,1.25976951157035,0.405534049690994,0.405534049690994,0.00028,0,0.99972,0.00044
12,12,4,3,0.561,0.509,2,1,0.774,0.8,0.292,0.321,0.15,0.118,5.56502525944243,1.28972495352367,Inf,Inf,0,0,1,0
17,12,2,4,0.847,0.912,2,2,0.74,0.77,0.341,0.338,0.135,0.116,3.48085568006573,1.06223520891263,0.809284077738562,0.809284077738562,0.00056,0,0.99944,0
14,14,4,3,0.912,0.573,2,1,0.547,0.765,0.297,0.451,0.141,0.118,13.9994069451956,0.0222897493233451,Inf,Inf,0,0.99842,0.00158,0
14,18,3,2,0.903,0.682,2,2,0.596,0.926,0.296,0.299,0.173,0.163,1.38652728416054,0.801344317645621,NA,NA,0.0524,0,0.9476,0
9,13,4,3,0.783,0.841,2,1,0.602,0.798,0.493,0.414,0.113,0.121,7.37538521711264,1.28431989751487,0.575448705618402,0.575448705618402,0,0,1,0.86906
18,12,2,3,0.956,0.973,2,1,0.768,0.889,0.405,0.426,0.147,0.19,10.0952406014481,1.11340378003578,Inf,Inf,0,0.05594,0.94406,0
13,15,2,2,0.792,0.839,1,1,0.828,0.63,0.475,0.333,0.15,0.138,3.71147543847554,1.03358859774206,0.488814012594486,0.488814012594486,8e-05,0,0.99992,0
10,16,3,3,0.665,0.971,1,1,0.993,0.759,0.352,0.364,0.171,0.144,2.84874740341548,1.19604595634324,0.178077635911551,0.178077635911551,0.00932,0,0.99068,0.9856
12,15,4,4,0.537,0.872,2,1,0.543,0.506,0.329,0.494,0.137,0.194,8.99266210976855,2.12041598256728,0.612614063945224,0.612614063945224,2e-05,0.00292,0.99706,0.73208
14,14,3,2,0.977,0.647,1,1,0.956,0.75,0.428,0.397,0.152,0.187,12.072639461965,1.19378907478601,Inf,Inf,0,0.07402,0.92598,0
12,18,3,2,0.614,0.844,2,1,0.962,0.884,0.333,0.261,0.161,0.186,1.62608380041529,0.946526586104979,NA,NA,0.04356,0,0.95644,0
9,11,3,2,0.691,0.853,2,2,0.77,0.728,0.471,0.448,0.142,0.11,1.34449833468677,1.20120114379528,NA,NA,0.25142,0,0.74858,0
9,11,2,3,0.567,0.901,1,2,0.97,0.81,0.396,0.365,0.124,0.103,0.0012019209477002,0.0299840669497128,0.000122416532676444,0.000122416532676444,0.9978,0,0.0022,0.00048
15,9,2,2,0.716,0.607,2,1,0.992,0.87,0.414,0.376,0.162,0.132,5.13129730061444,1.11695397037716,Inf,Inf,0,0.00038,0.99962,0
9,13,4,3,0.698,0.506,2,2,0.659,0.572,0.306,0.447,0.187,0.13,4.59202754685426,1.7256649166267,NA,NA,0.0055,0,0.9945,0
16,16,3,4,0.776,0.699,1,1,0.736,0.72,0.47,0.31,0.153,0.15,7.97381305642906,1.29358593441477,0.541379689744894,0.541379689744894,0,0,1,0.40588
11,11,3,2,0.727,0.968,1,1,0.588,0.514,0.463,0.327,0.145,0.161,5.99516691212927,1.20483631867111,0.893423446732742,0.893423446732742,0,4e-05,0.99996,2e-05
17,10,4,3,0.82,0.716,2,2,0.905,0.5,0.455,0.38,0.163,0.179,9.99996569369081,0.00570265887892319,Inf,Inf,0,0.99996,4e-05,0
12,15,3,4,0.55,0.786,1,2,0.705,0.705,0.298,0.369,0.194,0.165,0.359214515834075,0.69459912998332,0.0261537388985352,0.0261537388985352,0.68156,0,0.31844,0.12156
18,18,4,3,0.789,0.951,1,1,0.738,0.936,0.38,0.27,0.106,0.13,10.7946719786495,1.2812334380926,0.751031791385093,0.751031791385093,0,0,1,0.00084
9,9,3,4,0.659,0.822,2,2,0.674,0.943,0.264,0.405,0.11,0.106,0.612808555166176,0.746918166037385,0.138691098889954,0.138691098889954,0.45112,0,0.54888,0
9,10,4,3,0.638,0.944,2,2,0.503,0.787,0.368,0.318,0.118,0.103,2.29576527714164,1.10373186047836,0.298907440468477,0.298907440468477,0.02328,0,0.97672,0.03198
10,17,2,3,0.933,0.618,2,2,0.974,0.867,0.427,0.445,0.186,0.182,0,0,NA,NA,1,0,0,0
15,15,4,3,0.919,0.894,2,1,0.599,0.89,0.412,0.443,0.196,0.149,14.9957137076112,0.0636746051646231,1.69566677991727,1.69566677991727,0,0.99182,0.00818,0.00042
17,10,2,3,0.529,0.93,1,1,0.6,0.815,0.484,0.44,0.13,0.103,4.31709367840404,1.42288767082657,0.879942573684089,0.879942573684089,0.00096,4e-05,0.999,0
16,16,2,3,0.558,0.764,1,2,0.608,0.974,0.384,0.39,0.11,0.175,0,0,0,0,1,0,0,0
13,13,2,2,0.635,0.541,2,1,0.57,0.918,0.49,0.32,0.129,0.156,1.47958859178278,0.884367573331071,NA,NA,0.06562,0,0.93438,0
18,12,2,2,0.612,0.96,1,1,0.842,0.714,0.44,0.275,0.102,0.119,3.70524408203121,1.00623287929313,Inf,Inf,4e-05,0,0.99996,0
10,10,3,3,0.717,0.703,2,1,0.901,0.971,0.344,0.41,0.18,0.106,4.83262029676041,1.09691976113609,Inf,Inf,0,0,1,0
17,9,2,2,0.707,0.528,1,2,0.504,0.666,0.478,0.309,0.119,0.186,3.71207085521048,1.21741484522607,NA,NA,0.00026,0,0.99974,0
12,9,2,2,0.861,0.906,1,1,0.544,0.95,0.32,0.333,0.158,0.109,4.03046605758873,0.71336488607718,1.87493806950502,1.87493806950502,0,0,1,0
11,15,3,3,0.568,0.697,2,2,0.978,0.644,0.459,0.302,0.149,0.17,0.385152944450603,0.654631845185093,NA,NA,0.6062,0,0.3938,2e-05
13,17,3,2,0.754,0.835,2,2,0.722,0.941,0.298,0.498,0.162,0.185,0.154403875587856,0.444729268282692,NA,NA,0.84692,0,0.15308,0
12,18,2,3,0.967,0.817,1,2,0.697,0.967,0.346,0.401,0.183,0.16,0,0,0,0,1,0,0,0
13,17,3,4,0.807,0.549,2,1,0.569,0.877,0.461,0.493,0.166,0.128,8.16553179008495,1.47486754953284,0.644302492735821,0.644302492735821,0,0,1,0.13338
15,9,3,4,0.554,0.577,2,2,0.928,0.964,0.373,0.465,0.163,0.169,3.54189721504662,1.63800547553719,NA,NA,0.01956,0.00054,0.9799,0
15,15,2,3,0.771,0.613,2,1,0.752,0.999,0.345,0.407,0.181,0.109,3.31611143125276,0.986433261279724,NA,NA,0.00108,0,0.99892,0
12,9,4,3,0.574,0.62,2,2,0.622,0.905,0.302,0.251,0.176,0.108,2.82866740861825,0.982598584089398,NA,NA,0.00176,0,0.99824,0
9,17,2,3,0.526,0.609,2,1,0.931,0.539,0.416,0.325,0.154,0.198,0.435457433311063,0.63989965824969,NA,NA,0.52598,0,0.47402,0.0156
11,11,2,3,0.865,0.849,2,1,0.868,0.988,0.337,0.324,0.104,0.141,2.64690524054682,0.669440524243588,Inf,Inf,2e-05,0,0.99998,0
9,11,3,4,0.893,0.562,2,1,0.546,0.997,0.327,0.376,0.148,0.14,4.94101216431823,0.790725875282411,Inf,Inf,0,0,1,0.00256
16,17,3,2,0.609,0.915,1,1,0.915,0.772,0.392,0.406,0.169,0.105,6.53799221061096,1.59751674071674,0.979032127668998,0.979032127668998,2e-05,0,0.99998,0
16,16,3,4,0.651,0.98,2,2,0.673,0.75,0.462,0.417,0.175,0.175,3.04466662411591,1.72300400560553,0.190615233416663,0.190615233416663,0.04988,0,0.95012,0.91374
16,11,3,3,0.675,0.741,1,1,0.957,0.817,0.373,0.403,0.134,0.129,9.30452660906654,1.34549429413323,Inf,Inf,0,0.15522,0.84478,0
16,14,2,3,0.511,0.584,2,1,0.824,0.593,0.467,0.405,0.159,0.103,3.24869126984525,1.3902689837487,NA,NA,0.01392,0,0.98608,0
18,12,2,4,0.643,0.6,2,1,0.689,0.807,0.442,0.262,0.2,0.198,3.52988005077754,1.10531518650894,Inf,Inf,8e-05,0,0.99992,0
9,18,2,2,0.96,0.54,2,1,0.982,0.739,0.359,0.469,0.192,0.192,1.87550379535385,1.025939333525,NA,NA,0.03994,0,0.96006,0
13,13,4,3,0.745,0.536,1,1,0.686,0.521,0.405,0.349,0.137,0.199,11.0370656401562,1.48250577001763,Inf,Inf,0,0.13986,0.86014,0
18,9,4,4,0.738,0.554,2,2,0.884,0.589,0.426,0.435,0.12,0.116,9,0,Inf,Inf,0,1,0,0
12,12,3,3,0.51,0.97,2,1,0.799,0.529,0.255,0.374,0.141,0.179,4.49406012851235,1.43712520443365,1.16842121435783,1.16842121435783,0.00036,0,0.99964,0
9,14,2,3,0.996,0.566,1,1,0.865,0.795,0.358,0.278,0.114,0.155,1.89258008014968,0.586715070287712,0.225430467811305,0.225430467811305,0,0,1,0.00564
9,9,4,3,0.704,0.897,1,2,0.81,0.932,0.424,0.314,0.179,0.153,2.68810734906023,1.0205412381278,0.384844387165645,0.384844387165645,0.00368,0,0.99632,0.05322
17,14,3,4,0.862,0.891,1,2,0.677,0.843,0.444,0.497,0.14,0.139,10.1218560340962,1.65077705894303,0.753111698920535,0.753111698920535,0,0.01102,0.98898,0.5107
15,15,4,2,0.768,0.542,2,2,0.669,0.85,0.391,0.328,0.126,0.149,6.74316478715659,1.41786646812768,Inf,Inf,0,0,1,0
15,18,2,3,0.899,0.953,2,2,0.972,0.929,0.386,0.266,0.155,0.159,0.000426446346617252,0.0137074416796029,4.18937825361468e-05,4.18937825361468e-05,0.99818,0,0.00182,0
11,16,3,2,0.904,0.748,2,1,0.981,0.966,0.413,0.336,0.114,0.107,4.82918560629818,0.74411132423424,Inf,Inf,0,0,1,0
17,17,2,2,0.618,0.738,1,1,0.911,0.653,0.406,0.412,0.187,0.193,4.0797180106646,1.54176903266965,Inf,Inf,0.00344,0,0.99656,0
10,10,3,3,0.622,0.582,2,1,0.548,0.508,0.443,0.336,0.131,0.16,4.56121097770969,1.19424162131665,Inf,Inf,0,0,1,2e-05
12,18,3,2,0.818,0.771,2,2,0.887,0.575,0.273,0.29,0.133,0.165,2.53696224210566,1.18284557940932,NA,NA,0.01532,0,0.98468,0
12,12,4,2,0.958,0.958,2,2,0.795,0.795,0.261,0.438,0.114,0.153,11.3513469269607,0.835105670232547,Inf,Inf,0,0.42664,0.57336,0
16,9,2,3,0.842,0.937,2,2,0.561,0.786,0.407,0.455,0.188,0.158,5.82395240638798,1.3409541439081,Inf,Inf,0,0.01046,0.98954,0
11,11,3,2,0.62,0.714,2,1,0.95,0.685,0.286,0.476,0.134,0.149,6.14834374162772,1.61015870770619,NA,NA,2e-05,0.00138,0.9986,0
12,12,4,4,0.869,0.812,1,1,0.779,0.998,0.411,0.43,0.13,0.169,11.7597317373059,0.533316775416626,1.02723473921413,1.02723473921413,0,0.7198,0.2802,0.55212
14,9,4,4,0.941,0.947,2,1,0.763,0.697,0.45,0.281,0.11,0.184,8.99945891051077,0.0176166703604164,2.57464043935911,2.57464043935911,0,0.99846,0.00154,0
17,10,4,2,0.75,0.727,1,1,0.631,0.702,0.34,0.482,0.121,0.136,10,0,Inf,Inf,0,1,0,0
16,10,4,2,0.662,0.811,2,2,0.565,0.668,0.477,0.271,0.133,0.112,7.83825108464618,1.2611213779825,Inf,Inf,0,0.05498,0.94502,0
11,18,2,4,0.878,0.517,1,2,0.54,0.763,0.42,0.267,0.109,0.13,0.000817302244521964,0.0207340744510226,4.6351419135268e-05,4.6351419135268e-05,0.99762,0,0.00238,0.00202
14,14,4,3,0.621,0.63,2,1,0.909,0.893,0.332,0.335,0.195,0.177,7.46490399379296,1.52172394275465,Inf,Inf,0,4e-05,0.99996,0
13,13,3,3,0.757,0.502,2,1,0.63,0.626,0.37,0.342,0.138,0.153,7.31770396273293,1.30038499533807,Inf,Inf,0,0,1,0
15,10,2,3,0.689,0.828,1,1,0.791,0.669,0.322,0.331,0.197,0.184,4.6196146802635,1.19298835982221,1.7973838052768,1.7973838052768,0,0,1,0
16,14,3,4,0.699,0.943,2,2,0.843,0.526,0.291,0.381,0.101,0.127,7.17552417386124,1.67463571253662,1.10832208906092,1.10832208906092,0,6e-05,0.99994,0
13,18,2,2,0.801,0.655,2,2,0.783,0.503,0.39,0.468,0.18,0.176,1.50127911735646,1.40468971693164,NA,NA,0.26606,0,0.73394,0
12,15,3,4,0.723,0.548,2,2,0.894,0.629,0.253,0.27,0.133,0.155,1.94403405173271,1.0752848875362,NA,NA,0.0397,0,0.9603,0
17,13,2,4,0.851,0.794,2,1,0.874,0.663,0.335,0.429,0.161,0.111,8.72108228682858,1.25032007917853,Inf,Inf,0,0.00026,0.99974,0
15,15,3,2,0.934,0.806,1,2,0.667,0.885,0.418,0.295,0.125,0.136,4.56700519122082,0.894459838322377,0.813965067901292,0.813965067901292,0,0,1,0
11,11,2,3,0.514,0.949,1,1,0.714,0.585,0.307,0.427,0.148,0.146,2.10954839743831,1.21550769141621,0.297796917010015,0.297796917010015,0.06124,0,0.93876,2e-05
13,13,4,4,0.647,0.782,1,1,0.782,0.864,0.351,0.491,0.185,0.133,10.8597328679043,1.6724337611299,1.03977888242301,1.03977888242301,0,0.14924,0.85076,0.07082
18,18,3,2,0.909,0.737,1,1,0.708,0.611,0.488,0.419,0.191,0.152,15.8920802028673,1.42403099443851,Inf,Inf,0,0.09346,0.90654,0
16,16,4,4,0.546,0.77,1,2,0.634,0.751,0.326,0.296,0.142,0.123,3.23886889669971,1.43500661672099,0.257736369004883,0.257736369004883,0.01216,0,0.98784,0.01892
15,9,2,4,0.531,0.568,2,2,0.551,0.683,0.322,0.42,0.19,0.113,1.61918807974522,1.27316416465519,NA,NA,0.17768,0,0.82232,0
10,16,2,4,0.843,0.67,2,2,0.523,0.525,0.4,0.402,0.109,0.127,0.533853274639448,0.781804568996259,0.033524598720938,0.033524598720938,0.54858,0,0.45142,0.42696
9,15,2,2,0.762,0.913,2,1,0.511,0.69,0.387,0.393,0.148,0.104,1.36693051396216,0.945789632531398,0.120303766570174,0.120303766570174,0.12912,0,0.87088,0.04486
16,16,2,2,0.95,0.555,1,2,0.725,0.773,0.262,0.256,0.132,0.138,1.45285939020779,0.753174152437633,NA,NA,0.02462,0,0.97538,0
15,15,2,2,0.824,0.735,1,2,0.899,0.919,0.256,0.387,0.13,0.121,0.0608489010845687,0.229463413822943,NA,NA,0.90852,0,0.09148,0
13,17,4,2,0.892,0.818,1,1,0.587,0.598,0.381,0.378,0.174,0.112,13.6887247175469,1.31692234824639,1.40438651408139,1.40438651408139,0,0.0059,0.9941,0.00012
11,15,4,3,0.939,0.516,1,2,0.886,0.625,0.334,0.429,0.144,0.109,9.67965868918946,1.42441442825979,Inf,Inf,0,0.00014,0.99986,0
17,18,2,4,0.879,0.879,1,1,0.934,0.542,0.402,0.436,0.101,0.18,8.78014597465224,1.49189590869338,0.489129981385254,0.489129981385254,0,0,1,0.93234
17,17,3,4,0.964,0.785,1,1,0.583,0.955,0.439,0.424,0.175,0.168,13.9597932613414,1.16324202982836,0.830795307634443,0.830795307634443,0,0.00524,0.99476,0.83806
12,12,3,2,0.902,0.539,1,2,0.867,0.855,0.433,0.409,0.117,0.134,4.88936634308826,1.107812207018,Inf,Inf,0,0,1,0
17,10,2,3,0.644,0.658,1,1,0.917,0.973,0.266,0.492,0.17,0.182,5.97728588558484,1.52704927537894,NA,NA,2e-05,0.00432,0.99566,0
13,13,2,2,0.502,0.837,2,2,0.755,0.599,0.487,0.372,0.171,0.163,0.185975509854641,0.477612097036077,NA,NA,0.80094,0,0.19906,0
18,10,3,4,0.591,0.893,1,2,0.87,0.928,0.385,0.304,0.163,0.125,4.04828760541764,1.23688824087858,0.967073831347834,0.967073831347834,3e-04,0,0.9997,0
17,17,2,3,0.983,0.519,1,2,0.92,0.735,0.291,0.488,0.123,0.196,4.12305575500103,1.43047377858024,Inf,Inf,0.00062,0,0.99938,0
17,13,4,3,0.75,0.706,2,1,0.823,0.601,0.387,0.391,0.11,0.104,12.9936045057345,0.0825370425651113,Inf,Inf,0,0.9888,0.0112,0
16,17,3,4,0.788,0.767,1,2,0.519,0.64,0.397,0.37,0.166,0.13,5.94539649592164,1.55956167815836,0.356358587868616,0.356358587868616,4e-05,0,0.99996,0.76646
17,12,3,2,0.837,0.967,1,2,0.98,0.573,0.399,0.341,0.189,0.195,9.78672298644976,1.47293098396887,5.69687647822798,5.69687647822798,0,0.0946,0.9054,0
9,9,2,2,0.521,0.578,2,1,0.68,0.842,0.281,0.355,0.157,0.155,0.744030321546104,0.732094566536538,NA,NA,0.29714,0,0.70286,0
13,17,4,4,0.858,0.956,2,2,0.746,0.545,0.417,0.288,0.133,0.177,7.5088403277196,1.43244765431779,0.441696706348711,0.441696706348711,0,0,1,0.99998
14,13,3,2,0.614,0.684,1,2,0.723,0.627,0.408,0.367,0.187,0.164,3.4933538069382,1.54818105974681,NA,NA,0.01258,0,0.98742,0
15,13,2,3,0.866,0.981,1,2,0.647,0.581,0.493,0.486,0.168,0.124,5.283778227441,1.5728115348321,0.442016162390671,0.442016162390671,0.00046,0,0.99954,0.24486
14,14,4,4,0.556,0.974,2,1,0.556,0.886,0.492,0.301,0.188,0.127,5.62527748770271,1.29351698768776,0.401831318628425,0.401831318628425,0,0,1,0.99814
11,11,2,2,0.812,0.747,1,2,0.585,0.6,0.38,0.346,0.186,0.113,1.63721413411269,0.998391125983753,Inf,Inf,0.07766,0,0.92234,0
14,11,2,4,0.636,0.66,2,1,0.977,0.991,0.451,0.298,0.14,0.112,2.06026624987006,0.820842650916411,NA,NA,0.00692,0,0.99308,0
10,10,2,4,0.937,0.683,2,1,0.856,0.825,0.374,0.434,0.18,0.154,4.55200899036841,0.85867477738484,Inf,Inf,0,0,1,0
9,16,4,4,0.816,0.91,1,1,0.91,0.882,0.311,0.354,0.172,0.104,5.41186158429685,1.02316523205043,0.338241349018553,0.338241349018553,0,0,1,1
11,18,4,4,0.607,0.871,2,1,0.624,0.756,0.325,0.479,0.132,0.134,6.26233176656112,1.8408704232125,0.347917781122957,0.347917781122957,3e-04,0,0.9997,0.99902
12,17,2,3,0.797,0.722,2,1,0.807,0.904,0.404,0.347,0.117,0.148,1.32619630868285,0.818046035151771,Inf,Inf,0.07852,0,0.92148,0.00074
11,13,4,2,0.542,0.873,2,2,0.542,0.556,0.337,0.415,0.176,0.188,3.88674551402159,1.80054110253423,Inf,Inf,0.0163,0,0.9837,0
15,14,3,2,0.925,0.583,2,2,0.718,0.736,0.47,0.377,0.104,0.132,7.92754544927984,1.25488629363621,Inf,Inf,0,0,1,0
12,12,4,4,0.701,0.651,2,2,0.764,0.979,0.287,0.265,0.121,0.173,2.68794561207069,1.02583958975624,Inf,Inf,0.00234,0,0.99766,0
13,13,3,4,0.777,0.827,1,1,0.877,0.856,0.304,0.339,0.154,0.193,6.50158311059266,1.28531393367718,0.688795071388008,0.688795071388008,0,0,1,0.0033
14,14,3,2,0.886,0.852,1,1,0.932,0.913,0.349,0.431,0.196,0.193,10.5269230401866,1.37902902164007,3.02187058041245,3.02187058041245,0,0.00632,0.99368,0
12,12,4,3,0.907,0.855,2,1,0.592,0.574,0.33,0.294,0.178,0.101,10.724270627048,0.899731216276998,2.08944673456397,2.08944673456397,0,0.10824,0.89176,0
18,11,4,3,0.58,0.969,1,1,0.93,0.571,0.416,0.445,0.122,0.14,10.9905321318229,0.110709996086767,2.8845348487711,2.8845348487711,0,0.98738,0.01262,0
12,12,3,4,0.755,0.899,1,1,0.892,0.927,0.295,0.458,0.145,0.106,7.34853236518556,1.32051841752937,0.777722459515478,0.777722459515478,0,0.00016,0.99984,0.01224
15,15,2,4,0.888,0.654,1,1,0.628,0.922,0.355,0.33,0.119,0.181,4.2290124032423,0.927431369176151,0.409445728910407,0.409445728910407,0,0,1,0.00302
17,11,4,4,0.648,0.796,2,2,0.936,0.837,0.354,0.416,0.175,0.122,10.0680716009538,1.21177675646079,Inf,Inf,0,0.42924,0.57076,0
11,11,2,3,0.65,0.805,2,2,0.579,0.624,0.425,0.439,0.16,0.191,0.685735622292852,0.932935684164147,0.125853128473202,0.125853128473202,0.49304,0,0.50696,2e-04
16,16,2,2,0.895,0.932,2,2,0.562,0.591,0.323,0.385,0.116,0.181,3.74703442116838,1.37738983317355,Inf,Inf,0.00276,0,0.99724,0
13,9,3,3,0.999,0.986,2,1,0.878,0.883,0.368,0.284,0.172,0.173,8.49696206434498,0.643974031898242,Inf,Inf,0,0.4237,0.5763,0
12,18,3,4,0.613,0.976,1,1,0.553,0.649,0.308,0.348,0.171,0.157,3.60803890642206,1.33689873312451,0.200446605912337,0.200446605912337,0.0032,0,0.9968,0.9968
11,17,4,4,0.505,0.51,1,2,0.749,0.53,0.492,0.411,0.16,0.121,1.89522474068864,1.58429742116011,0.114563544525919,0.114563544525919,0.19992,0,0.80008,0.64326
16,9,2,2,0.588,0.631,2,1,0.734,0.688,0.256,0.319,0.125,0.195,4.02927518535215,1.21055850436449,NA,NA,8e-05,0.00012,0.9998,0
17,10,3,2,0.778,0.914,2,1,0.778,0.985,0.29,0.379,0.128,0.168,9.85594307096416,0.412783695699168,Inf,Inf,0,0.81578,0.18422,0
10,13,3,4,0.658,0.994,1,2,0.944,0.909,0.27,0.476,0.115,0.187,0.0606038838602159,0.272496289487212,0.00466734206643352,0.00466734206643352,0.9307,0,0.0693,0.06672
